Order Type,Row Count,Organization,Order Number,Status,Shipping Type,Created At,In Fulfillment Date,Serial Number,Missing Charger?,Recipient Country,Tracking Number,Order Item Number,Asset Number,Depot Vendor,Items,Shipped Date,In Return Date,Pending Return Date,Completed Date
Deployment,163,Ironclad,96723-1-IRON,IN_FULFILLMENT,Standard,11/08/2025,11/08/2025,K2P2J52179,,United States,,96723-1-1-IRON,40300,ZONES,1,,,,
Deployment,163,Duo Health,96726-1-DUOH,IN_FULFILLMENT,2 Day,11/08/2025,11/08/2025,PF5XHQHY,,United States,,96726-1-1-DUOH,263921,ZONES,1,,,,
Deployment,163,Duo Health,96725-1-DUOH,IN_FULFILLMENT,2 Day,11/08/2025,11/08/2025,PF5XHQHB,,United States,,96725-1-1-DUOH,263922,ZONES,1,,,,
Deployment,163,LOGIXBOARD,96704-1-LOGI,IN_FULFILLMENT,,11/07/2025,11/07/2025,,,United States,,96704-1-9-LOGI,,ZONES,10,,,,
Deployment,163,Ride Health,96701-1-RIDE,IN_FULFILLMENT,2 Day,11/07/2025,11/07/2025,GCCGD4FUQ6L4,,United States,,96701-1-1-RIDE,106990,ZONES,1,,,,
Deployment,163,DTEX Systems,95973-1-DTEX,IN_FULFILLMENT,,11/04/2025,11/07/2025,,,United States,,95973-1-9-DTEX,,ZONES,22,,,,
Deployment,163,Socotra,95838-1-SOCO,IN_FULFILLMENT,Overnight,11/04/2025,11/07/2025,GKGKY6330N,,Canada,,95838-1-1-SOCO,74564,ZONES,1,,,,
Deployment,163,NoRedInk,96655-1-NORE,IN_FULFILLMENT,Standard,11/07/2025,11/07/2025,FQJC3PQ0VC,,United States,,96655-1-1-NORE,101897,ZONES,1,,,,
Deployment,163,Genomenon,96638-1-GENO,IN_FULFILLMENT,2 Day,11/07/2025,11/07/2025,CG7NN9F7XK,,United States,,96638-1-1-GENO,57657,ZONES,1,,,,
Deployment,163,Alpaca,96337-1-ALPA,IN_FULFILLMENT,Standard,11/06/2025,11/07/2025,L41XVV4QCG,,United States,,96337-1-1-ALPA,51271,ZONES,1,,,,
Deployment,163,Horizon3.ai,96635-1-HORI,IN_FULFILLMENT,Standard,11/07/2025,11/07/2025,FM2LKC4,,United States,,96635-1-1-HORI,110277,ZONES,1,,,,
Deployment,163,Verifiable,96543-1-VERI,IN_FULFILLMENT,Standard,11/07/2025,11/07/2025,HCWVKLFTJV,,United States,,96543-1-1-VERI,27749,ZONES,1,,,,
Deployment,163,Seldon,96540-1-SELD,IN_FULFILLMENT,2 Day,11/07/2025,11/07/2025,5CD309B3WT,,United States,,96540-1-1-SELD,37382,ZONES,1,,,,
Deployment,163,Nulogy,96440-1-NULO,IN_FULFILLMENT,Standard,11/06/2025,11/06/2025,LRLWQ9H22J,Missing Charger,Canada,FREIGHT K3234914,96440-1-1-NULO,96952,ZONES,1,,,,
Deployment,163,Trusted Inc.,96435-1-TRUS,SHIPPED,2 Day,11/06/2025,11/06/2025,FVFGJ4PXQ05P,Missing Charger,United States,395075350661,96435-1-1-TRUS,28982,ZONES,1,2025-11-07 09:43:20,,,
Deployment,163,Alpaca,96338-1-ALPA,EXCEPTION,Standard,11/06/2025,11/06/2025,JYJ656LRXL,,Canada,445943506852,96338-1-1-ALPA,74791,ZONES,1,2025-11-07 09:47:16,,,
Deployment,163,Prompt Therapy Solutions,96367-1-PROM,EXCEPTION,Standard,11/06/2025,11/06/2025,FFVJ7G6QCN,,United States,395074315799,96367-1-1-PROM,105884,ZONES,1,2025-11-07 09:44:18,,,
Deployment,163,MANTL,96415-1-MANT,IN_FULFILLMENT,2 Day,11/06/2025,11/06/2025,LX9T29MXLH,,United States,,96415-1-1-MANT,43809,ZONES,1,,,,
Deployment,163,MANTL,96414-1-MANT,SHIPPED,2 Day,11/06/2025,11/06/2025,H06GW9F1Q0,,United States,395073065137,96414-1-1-MANT,49141,ZONES,1,2025-11-06 23:10:20,,,
Deployment,163,Unstructured,96402-1-UNST,SHIPPED,2 Day,11/06/2025,11/06/2025,FC91TVJM6D,Missing Charger,United States,395090552707,96402-1-1-UNST,43105,ZONES,1,2025-11-07 20:51:15,,,
Deployment,163,Duo Health,96394-1-DUOH,SHIPPED,2 Day,11/06/2025,11/06/2025,FJJNQV3,,United States,395073111405,96394-1-1-DUOH,28702,ZONES,1,2025-11-06 23:08:17,,,
Deployment,163,Goodway Group,96349-1-GOOD,SHIPPED,Standard,11/06/2025,11/06/2025,D9RM435XQD,,United States,395075500272,96349-1-1-GOOD,42595,ZONES,1,2025-11-07 09:49:24,,,
Deployment,163,Checkout.com,94950-1-CHEC,COMPLETE,Standard,10/30/2025,11/06/2025,F38VYG25103P7,,United States,395074398821,94950-1-1-CHEC,252532,ZONES,1,2025-11-07 09:42:18,,,2025-11-08 09:42:36
Deployment,163,Simulations Plus,96312-1-SIMU,COMPLETE,Standard,11/05/2025,11/06/2025,5MVZ674,,United States,395074247232,96312-1-1-SIMU,71714,ZONES,1,2025-11-07 09:43:20,,,2025-11-08 12:44:42
Deployment,163,Ironclad,96298-1-IRON,SHIPPED,Standard,11/05/2025,11/05/2025,NQNVKLH7DC,,United States,395074538913,96298-1-1-IRON,38178,ZONES,1,2025-11-07 09:39:31,,,
Deployment,163,Render,96259-1-REND,COMPLETE,Overnight,11/05/2025,11/05/2025,HHHGWC399N,,United States,395032345718,96259-1-1-REND,251697,ZONES,1,2025-11-06 09:43:18,,,2025-11-07 15:46:56
Deployment,163,Vercel,96267-1-VERC,COMPLETE,Standard,11/05/2025,11/05/2025,N2YTXPWFW0,Missing Charger,United States,395074283355,96267-1-1-VERC,29768,ZONES,1,2025-11-07 09:41:17,,,2025-11-07 14:41:36
Deployment,163,Vercel,96266-1-VERC,SHIPPED,Standard,11/05/2025,11/05/2025,CF1QKFJQ7L,,United States,395032383660,96266-1-1-VERC,99399,ZONES,1,2025-11-06 09:40:22,,,
Deployment,163,IZEA,96237-1-IZEA,COMPLETE,Overnight,11/05/2025,11/05/2025,FVFJK0X21WGC,Missing Charger,United States,395075285034,96237-1-1-IZEA,48357,ZONES,1,2025-11-07 09:39:32,,,2025-11-07 14:40:34
Deployment,163,Spark,96226-1-SPAR,COMPLETE,2 Day,11/05/2025,11/05/2025,LC7GDH62WN,,United States,395032262350,96226-1-1-SPAR,36945,ZONES,1,2025-11-06 09:44:17,,,2025-11-07 10:44:52
Deployment,163,Measurabl,96053-1-MEAS,SHIPPED,Standard,11/05/2025,11/05/2025,D333CW096H,,United States,395030326959,96053-1-1-MEAS,38669,ZONES,1,2025-11-05 23:32:18,,,
Deployment,163,Horizon3.ai,96161-1-HORI,SHIPPED,Standard,11/05/2025,11/05/2025,F9L1427C4L,,United States,395030242871,96161-1-1-HORI,83516,ZONES,1,2025-11-05 23:29:17,,,
Deployment,163,Bloom Credit,96130-1-BLOO,COMPLETE,Standard,11/05/2025,11/05/2025,J0CWFQJF39,,United States,395030378051,96130-1-1-BLOO,58171,ZONES,1,2025-11-05 23:27:19,,,2025-11-07 10:39:56
Deployment,163,Socotra,96113-1-SOCO,COMPLETE,2 Day,11/05/2025,11/05/2025,JG96GCF4X2,,United States,395032528559,96113-1-1-SOCO,49299,ZONES,1,2025-11-06 09:42:17,,,2025-11-07 12:44:45
Deployment,163,Consensys,96042-1-CONS,COMPLETE,Standard,11/05/2025,11/05/2025,R28M108Z1SF,,United States,395030844892,96042-1-1-CONS,56890,ZONES,1,2025-11-06 02:29:25,,,2025-11-07 12:43:09
Deployment,163,Muck Rack,95928-1-MUCK,SHIPPED,Standard,11/04/2025,11/04/2025,GX1Y53F063,,United States,394988599725,95928-1-1-MUCK,96788,ZONES,1,2025-11-05 02:30:25,,,
Deployment,163,Lumivero,95915-1-LUMI,COMPLETE,Standard,11/04/2025,11/04/2025,CWCXJKV424,,United States,394988519132,95915-1-1-LUMI,78281,ZONES,1,2025-11-05 02:32:23,,,2025-11-08 16:47:36
Deployment,163,Unstructured,95870-1-UNST,SHIPPED,Standard,11/04/2025,11/04/2025,M7XMMFHN77,,United States,394988557740,95870-1-1-UNST,92879,ZONES,1,2025-11-05 02:31:21,,,
Deployment,163,Kneat,95817-1-KNEA,COMPLETE,Overnight,11/04/2025,11/04/2025,CP479K3,,United States,394988482668,95817-1-1-KNEA,53497,ZONES,1,2025-11-04 23:31:19,,,2025-11-05 11:31:34
Deployment,163,Salesloft,95814-1-SALE,COMPLETE,Standard,11/04/2025,11/04/2025,G29TM65676,,United States,394988974457,95814-1-1-SALE,191897,ZONES,1,2025-11-05 02:31:19,,,2025-11-07 18:35:46
Deployment,163,Check,95746-1-CHEC,SHIPPED,Standard,11/03/2025,11/03/2025,F9V2794,,United States,394988315911,95746-1-1-CHEC,93220,ZONES,1,2025-11-05 02:31:19,,,
Deployment,163,Homebot,92908-1-HOME,COMPLETE,Standard,10/17/2025,11/03/2025,HXDWJ3Y0RQ,Missing Charger,United States,394989087356,92908-1-1-HOME,79806,ZONES,1,2025-11-05 02:30:25,,,
Deployment,163,Upwind Security,95735-1-UPWI,SHIPPED,Standard,11/03/2025,11/03/2025,CDGX9T6XRQ,,United States,394988449989,95735-1-1-UPWI,95814,ZONES,1,2025-11-05 02:30:22,,,
Deployment,163,Valiantys,95677-1-VALI,COMPLETE,Standard,11/03/2025,11/03/2025,JY9JRV7PNF,,United States,394988413245,95677-1-1-VALI,51072,ZONES,1,2025-11-05 02:30:24,,,2025-11-06 15:33:53
Deployment,163,petvisor,95591-1-PETV,COMPLETE,Overnight,11/03/2025,11/03/2025,G3F4MY7LK9,,United States,394943126366,95591-1-1-PETV,102407,ZONES,1,2025-11-03 20:29:16,,,2025-11-05 14:36:40
Deployment,163,Qualio,95501-1-QUAL,COMPLETE,Standard,11/03/2025,11/03/2025,F6GP2N263V,Missing Charger,United States,394989023035,95501-1-1-QUAL,59187,ZONES,1,2025-11-05 02:33:31,,,2025-11-06 14:37:48
Deployment,163,Salesloft,95497-1-SALE,COMPLETE,Standard,11/03/2025,11/03/2025,DW7LLP9FHF,,United States,394943536405,95497-1-1-SALE,191896,ZONES,1,2025-11-03 23:32:18,,,2025-11-05 10:34:48
Deployment,163,Salesloft,95496-1-SALE,COMPLETE,Standard,11/03/2025,11/03/2025,MHQL09K751,,United States,394943575159,95496-1-1-SALE,191895,ZONES,1,2025-11-03 23:29:19,,,2025-11-05 14:30:37
Deployment,163,Vanta,95471-1-VANT,COMPLETE,Standard,11/01/2025,11/01/2025,J67CKXCP71,,United States,394943288025,95471-1-1-VANT,31568,ZONES,1,2025-11-03 23:30:22,,,2025-11-07 15:41:18
Deployment,163,Annexus Health,94832-1-ANNE,COMPLETE,Standard,10/29/2025,11/01/2025,FDY8194,,United States,394943494449,94832-1-1-ANNE,95845,ZONES,1,2025-11-03 23:29:18,,,2025-11-05 16:30:14
Deployment,163,Pomelo Care,95440-1-POME,COMPLETE,2 Day,10/31/2025,10/31/2025,L579YJWM14,,United States,394943238270,95440-1-1-POME,46190,ZONES,1,2025-11-03 20:29:17,,,2025-11-05 12:31:08
Deployment,163,Unstructured,95432-1-UNST,CANCELED,2 Day,10/31/2025,10/31/2025,M7XMMFHN77,,United States,,95432-1-1-UNST,92879,ZONES,1,,,,
Deployment,163,Divurgent,95425-1-DIVU,COMPLETE,2 Day,10/31/2025,10/31/2025,3633614557,,United States,394943186203,95425-1-1-DIVU,81067,ZONES,1,2025-11-03 20:30:18,,,2025-11-05 19:31:27
Deployment,163,BrowserStack,94953-1-BROW,COMPLETE,Standard,10/30/2025,10/31/2025,FVFGG2MQQ05N,,United States,394868736397,94953-1-1-BROW,48040,ZONES,1,2025-11-01 02:24:19,,,2025-11-02 12:24:53
Deployment,163,Gradle,95091-1-GRAD,COMPLETE,Standard,10/30/2025,10/31/2025,JM4DGWGMGH,Missing Charger,United States,394868695989,95091-1-1-GRAD,39238,ZONES,1,2025-11-01 02:24:21,,,2025-11-05 15:29:31
Deployment,163,MANTL,95323-1-MANT,COMPLETE,2 Day,10/31/2025,10/31/2025,JWT0W2JMY9,,United States,394868790773,95323-1-1-MANT,37176,ZONES,1,2025-10-31 23:23:20,,,2025-11-04 14:27:43
Deployment,163,petvisor,95280-1-PETV,COMPLETE,Standard,10/31/2025,10/31/2025,PF5FN2RN,,United States,394868585140,95280-1-1-PETV,71736,ZONES,1,2025-11-01 02:24:24,,,2025-11-02 16:40:11
Deployment,163,Jump,94809-1-JUMP,COMPLETE,2 Day,10/29/2025,10/31/2025,M36FL2HXK1,,United States,394868521701,94809-1-1-JUMP,49662,ZONES,1,2025-10-31 23:23:18,,,2025-11-03 16:24:29
Deployment,163,Branch Insurance,95223-1-BRAN,COMPLETE,Standard,10/31/2025,10/31/2025,40ZM4C4,,United States,394858855729,95223-1-1-BRAN,110262,ZONES,1,2025-10-31 19:14:16,,,2025-11-04 12:20:32
Deployment,163,supabase,95207-1-SUPA,CANCELED,Standard,10/31/2025,10/31/2025,F2VX349H24,Missing Charger,Brazil,,95207-1-1-SUPA,83206,ZONES,1,,,,
Deployment,163,Unstructured,95188-1-UNST,COMPLETE,2 Day,10/30/2025,10/30/2025,Y5W0MFVTXT,,United States,394858954910,95188-1-1-UNST,50640,ZONES,1,2025-10-31 20:09:16,,,2025-11-04 13:13:14
Deployment,163,Unstructured,95187-1-UNST,COMPLETE,2 Day,10/30/2025,10/30/2025,L0QK3W3Q5L,,United States,394859058402,95187-1-1-UNST,97030,ZONES,1,2025-10-31 20:09:16,,,2025-11-02 16:09:57
Deployment,163,Unstructured,95186-1-UNST,COMPLETE,2 Day,10/30/2025,10/30/2025,HX9MM4TJM6,,United States,394859159044,95186-1-1-UNST,59505,ZONES,1,2025-10-31 21:28:14,,,2025-11-01 15:28:31
Deployment,163,DroneDeploy,95185-1-DRON,COMPLETE,Overnight,10/30/2025,10/30/2025,XJD2RWM75L,,United States,394943440243,95185-1-1-DRON,15929,ZONES,1,2025-11-03 23:30:19,,,2025-11-04 19:30:50
Deployment,163,DroneDeploy,95182-1-DRON,COMPLETE,Overnight,10/30/2025,10/30/2025,0B33KGC24343GP,,United States,394858634953,95182-1-1-DRON,54155,ZONES,1,2025-10-31 19:14:18,,,2025-11-03 13:15:55
Deployment,163,Unstructured,95134-1-UNST,COMPLETE,Standard,10/30/2025,10/30/2025,FK7R004NQC,Missing Charger,United States,394832408104,95134-1-1-UNST,60110,ZONES,1,2025-10-31 02:23:14,,,2025-10-31 14:23:38
Deployment,163,ActiveFence,95130-1-ACTI,COMPLETE,Standard,10/30/2025,10/30/2025,HXJLM00R1WG7,,United States,394832440298,95130-1-1-ACTI,78938,ZONES,1,2025-10-31 02:22:16,,,2025-11-02 13:23:23
Deployment,163,BrowserStack,95042-1-BROW,COMPLETE,Overnight,10/30/2025,10/30/2025,C02FM4L8Q05P,,United States,394858739042,95042-1-1-BROW,20155,ZONES,1,2025-10-31 19:14:18,,,2025-11-01 11:14:35
Deployment,163,PayNearMe,95063-1-PAYN,COMPLETE,Standard,10/30/2025,10/30/2025,DG9LYCF4D7,,United States,394830463583,95063-1-1-PAYN,69959,ZONES,1,2025-10-30 23:10:19,,,2025-11-01 11:11:09
Deployment,163,Ironclad,95052-1-IRON,COMPLETE,Standard,10/30/2025,10/30/2025,DXH63N44DL,,United States,394826377378,95052-1-1-IRON,55452,ZONES,1,2025-10-30 23:09:19,,,2025-10-31 15:09:51
Deployment,163,Simulations Plus,94523-1-SIMU,COMPLETE,2 Day,10/28/2025,10/30/2025,F0Z9FB4,,United States,394825800661,94523-1-1-SIMU,83025,ZONES,1,2025-10-30 20:11:16,,,2025-11-03 16:13:07
Deployment,163,Nulogy,94967-1-NULO,COMPLETE,Standard,10/30/2025,10/30/2025,GF7HM6HGWC,,Canada,445943506201,94967-1-1-NULO,96544,ZONES,1,2025-10-30 23:13:22,,,2025-11-01 14:14:13
Deployment,163,Ironclad,94972-1-IRON,COMPLETE,Overnight,10/30/2025,10/30/2025,PF4RAG93,,United States,394824334122,94972-1-1-IRON,93184,ZONES,1,2025-10-30 20:10:18,,,2025-10-31 14:10:37
Deployment,163,Franki,94944-1-FRAN,COMPLETE,2 Day,10/30/2025,10/30/2025,CWN4NKVNTQ,,United States,394824184132,94944-1-1-FRAN,47996,ZONES,1,2025-10-30 20:11:16,,,2025-11-03 13:12:53
Deployment,163,Salesloft,94923-1-SALE,COMPLETE,Overnight,10/29/2025,10/29/2025,GJ4L59KF99,,United States,394829031767,94923-1-1-SALE,255781,ZONES,1,2025-10-30 20:13:15,,,2025-10-31 13:13:46
Deployment,163,Ironclad,94615-1-IRON,COMPLETE,Standard,10/28/2025,10/29/2025,RJ7LY66G2C,,United States,394827433253,94615-1-1-IRON,55453,ZONES,1,2025-10-30 23:13:22,,,2025-11-01 15:14:16
Deployment,163,Annexus Health,94826-1-ANNE,COMPLETE,Standard,10/29/2025,10/29/2025,B7Y8194,,United States,394826287928,94826-1-1-ANNE,95850,ZONES,1,2025-10-30 23:09:23,,,2025-11-01 14:10:18
Deployment,163,Annexus Health,94825-1-ANNE,COMPLETE,Standard,10/29/2025,10/29/2025,96Y8194,,United States,394829951899,94825-1-1-ANNE,95852,ZONES,1,2025-10-30 23:14:17,,,2025-11-01 10:15:00
Deployment,163,Annexus Health,94830-1-ANNE,COMPLETE,Standard,10/29/2025,10/29/2025,G7N8194,,United States,394826664940,94830-1-1-ANNE,95847,ZONES,1,2025-10-30 23:11:16,,,2025-11-01 12:12:07
Deployment,163,Annexus Health,94827-1-ANNE,COMPLETE,Standard,10/29/2025,10/29/2025,17Y8194,,United States,394827510884,94827-1-1-ANNE,95849,ZONES,1,2025-10-30 23:13:22,,,2025-11-01 14:14:10
Deployment,163,Annexus Health,94831-1-ANNE,COMPLETE,Standard,10/29/2025,10/29/2025,CMCJF64,,United States,394826213694,94831-1-1-ANNE,95846,ZONES,1,2025-10-30 23:09:18,,,2025-11-01 17:10:08
Deployment,163,Postscript,94823-1-POST,COMPLETE,Overnight,10/29/2025,10/29/2025,M49LXV59FR,,United States,394826129278,94823-1-1-POST,100932,ZONES,1,2025-10-30 20:09:18,,,2025-10-31 16:09:58
Deployment,163,"Eden Health International, Inc.",94796-1-EDEN,COMPLETE,Overnight,10/29/2025,10/29/2025,J29CV97T3D,,United States,394826014445,94796-1-1-EDEN,90074,ZONES,1,2025-10-30 20:10:19,,,2025-10-31 15:10:58
Deployment,163,Horizon3.ai,94812-1-HORI,COMPLETE,Standard,10/29/2025,10/29/2025,LC46WYWWJH,,United States,394826819162,94812-1-1-HORI,251315,ZONES,1,2025-10-30 23:10:18,,,2025-11-03 09:11:59
Deployment,163,"HighLevel, Inc.",94720-1-HIGH,COMPLETE,2 Day,10/29/2025,10/29/2025,GT2MW4QCR9,,United States,394824051068,94720-1-1-HIGH,110506,ZONES,1,2025-10-30 20:10:17,,,2025-11-03 12:12:18
Deployment,163,Ironclad,94621-1-IRON,COMPLETE,Standard,10/28/2025,10/29/2025,H16LXXQ016,Missing Charger,United States,394827282061,94621-1-1-IRON,103152,ZONES,1,2025-10-30 23:09:24,,,2025-11-02 11:10:17
Deployment,163,Ironclad,94624-1-IRON,COMPLETE,Standard,10/28/2025,10/29/2025,FVFF55VZQ05F,Missing Charger,United States,394790325218,94624-1-1-IRON,50767,ZONES,1,2025-10-30 10:33:17,,,2025-10-31 17:34:11
Deployment,163,petvisor,94688-1-PETV,COMPLETE,2 Day,10/29/2025,10/29/2025,MJ0HELH3,,United States,394790116126,94688-1-1-PETV,31369,ZONES,1,2025-10-30 11:00:24,,,2025-10-31 16:01:21
Deployment,163,Simulations Plus,94575-1-SIMU,COMPLETE,Standard,10/28/2025,10/29/2025,6LVZ674,,United States,394790181624,94575-1-1-SIMU,71715,ZONES,1,2025-10-29 22:29:16,,,2025-10-31 12:30:02
Deployment,163,Gradle,94548-1-GRAD,COMPLETE,Standard,10/28/2025,10/28/2025,K9NDJ3VY27,,United States,394790044329,94548-1-1-GRAD,39246,ZONES,1,2025-10-29 22:28:18,,,2025-10-31 11:29:02
Deployment,163,Ironclad,94620-1-IRON,COMPLETE,Standard,10/28/2025,10/28/2025,T441HHQYDP,Missing Charger,United States,394765926390,94620-1-1-IRON,103260,ZONES,1,2025-10-29 19:28:14,,,2025-10-30 13:28:47
Deployment,163,Gradle,94549-1-GRAD,COMPLETE,Standard,10/28/2025,10/28/2025,P39V36PVVY,,United States,394766655810,94549-1-1-GRAD,39267,ZONES,1,2025-10-29 19:27:18,,,2025-10-31 13:28:14
Deployment,163,Branch,94640-1-BRAN,COMPLETE,2 Day,10/28/2025,10/28/2025,KDXQ1YY74R,Missing Charger,United States,394766856032,94640-1-1-BRAN,25700,ZONES,1,2025-10-29 15:37:14,,,2025-10-31 12:37:59
Deployment,163,Ironclad,94627-1-IRON,COMPLETE,Standard,10/28/2025,10/28/2025,PF54QGCE,,United States,394765547434,94627-1-1-IRON,51864,ZONES,1,2025-10-29 19:27:16,,,2025-11-04 15:36:24
Deployment,163,Branch,94639-1-BRAN,COMPLETE,2 Day,10/28/2025,10/28/2025,KDGHM299FR,,United States,394767166670,94639-1-1-BRAN,25705,ZONES,1,2025-10-29 15:37:16,,,2025-10-31 09:37:51
Deployment,163,Ironclad,94623-1-IRON,COMPLETE,Standard,10/28/2025,10/28/2025,RV24D4QNJQ,,United States,394766914381,94623-1-1-IRON,6926,ZONES,1,2025-10-29 19:28:16,,,2025-11-02 16:29:55
Deployment,163,Branch,94626-1-BRAN,SHIPPED,2 Day,10/28/2025,10/28/2025,L1797Y2JYQ,,United States,394766473181,94626-1-1-BRAN,71692,ZONES,1,2025-10-29 15:37:16,,,
Deployment,163,Ironclad,94622-1-IRON,COMPLETE,Standard,10/28/2025,10/28/2025,HR75PW4X26,,United States,394766447151,94622-1-1-IRON,73213,ZONES,1,2025-10-29 19:27:15,,,2025-11-04 15:31:50
Deployment,163,Horizon3.ai,94617-1-HORI,COMPLETE,Overnight,10/28/2025,10/28/2025,G477L6MHJK,,United States,394766635988,94617-1-1-HORI,91484,ZONES,1,2025-10-29 15:38:27,,,2025-10-30 13:38:57
Deployment,163,Render,94552-1-REND,COMPLETE,Overnight,10/28/2025,10/28/2025,FYRQWNH72H,,United States,394767010642,94552-1-1-REND,251701,ZONES,1,2025-10-29 15:38:17,,,2025-10-30 15:38:37
Deployment,163,Clutch,94546-1-CLUT,COMPLETE,Overnight,10/28/2025,10/28/2025,GN744D0JK2,,United States,394743943240,94546-1-1-CLUT,79509,ZONES,1,2025-10-28 20:51:18,,,2025-10-29 12:51:35
Deployment,163,go1,94538-1-GO1,COMPLETE,Overnight,10/28/2025,10/28/2025,DNFHV7CWPP,,United States,394744061219,94538-1-1-GO1,99538,ZONES,1,2025-10-28 20:46:14,,,2025-10-29 14:46:33
Deployment,163,Vercel,94517-1-VERC,COMPLETE,Standard,10/28/2025,10/28/2025,KJXG7FVWCY,,United States,394743832928,94517-1-1-VERC,100635,ZONES,1,2025-10-28 23:51:21,,,2025-11-02 16:53:04
Deployment,163,Quickbase,94431-1-QUIC,COMPLETE,2 Day,10/28/2025,10/28/2025,1QVKSW3,,United States,394732989072,94431-1-1-QUIC,96241,ZONES,1,2025-10-28 19:09:17,,,2025-10-30 15:10:15
Deployment,163,Vercel,94374-1-VERC,COMPLETE,2 Day,10/27/2025,10/27/2025,JN374WYR7F,,United States,394703900233,94374-1-1-VERC,41069,ZONES,1,2025-10-27 19:44:16,,,2025-10-29 17:45:29
Deployment,163,Horizon3.ai,94313-1-HORI,COMPLETE,Standard,10/27/2025,10/27/2025,DG269L5273,,United States,394725039439,94313-1-1-HORI,251317,ZONES,1,2025-10-28 20:51:18,,,2025-10-30 17:52:26
Deployment,163,Clutch,94308-1-CLUT,COMPLETE,,10/27/2025,10/27/2025,J49HXH2YWT,,United States,394724777410,94308-1-1-CLUT,106866,ZONES,1,2025-10-28 20:50:14,,,2025-10-30 09:50:55
Deployment,163,Genomenon,94149-1-GENO,COMPLETE,Standard,10/27/2025,10/27/2025,H9JW2T406N,,United States,394724911630,94149-1-1-GENO,57673,ZONES,1,2025-10-28 20:50:17,,,2025-11-03 14:52:31
Deployment,163,Clutch,94303-1-CLUT,COMPLETE,Standard,10/27/2025,10/27/2025,L5459D2N4T,,United States,394702828189,94303-1-1-CLUT,91966,ZONES,1,2025-10-27 22:42:20,,,2025-10-31 17:44:01
Deployment,163,Clutch,94300-1-CLUT,COMPLETE,Overnight,10/27/2025,10/27/2025,FVDHCGX0LC,,United States,394702991702,94300-1-1-CLUT,74868,ZONES,1,2025-10-27 19:42:17,,,2025-10-28 13:42:45
Deployment,163,Clutch,94295-1-CLUT,COMPLETE,Overnight,10/27/2025,10/27/2025,LNKC96H762,,United States,394702911999,94295-1-1-CLUT,79505,ZONES,1,2025-10-27 19:42:18,,,2025-10-28 13:42:44
Deployment,163,Clutch,94292-1-CLUT,COMPLETE,Overnight,10/27/2025,10/27/2025,D542VQ0G26,,United States,394703088719,94292-1-1-CLUT,74865,ZONES,1,2025-10-27 19:42:17,,,2025-10-28 13:42:39
Deployment,163,Catena Media,94230-1-CATE,COMPLETE,Standard,10/27/2025,10/27/2025,FG2K7YG30D,,United States,394696262969,94230-1-1-CATE,80243,ZONES,1,2025-10-27 19:42:22,,,2025-10-29 17:43:40
Deployment,163,Goodway Group,94132-1-GOOD,COMPLETE,Standard,10/27/2025,10/27/2025,FL4CG4MP9G,,United States,394695565764,94132-1-1-GOOD,42606,ZONES,1,2025-10-27 19:33:23,,,2025-10-28 12:34:05
Deployment,163,Salesloft,93881-1-SALE,COMPLETE,2 Day,10/24/2025,10/26/2025,L72M32H7M3,,United States,394695323394,93881-1-1-SALE,191893,ZONES,1,2025-10-27 19:32:14,,,2025-10-29 13:33:15
Deployment,163,Salesloft,94102-1-SALE,COMPLETE,Overnight,10/25/2025,10/25/2025,LL676FC69J,,United States,394685955465,94102-1-1-SALE,191894,ZONES,1,2025-10-27 19:11:17,,,2025-10-28 12:11:38
Deployment,163,Ollie,94069-1-OLLI,COMPLETE,Standard,10/24/2025,10/24/2025,H4W9WPF0YY,,United States,394666991803,94069-1-1-OLLI,57922,ZONES,1,2025-10-27 22:59:17,,,2025-10-29 13:00:04
Deployment,163,Ollie,94071-1-OLLI,COMPLETE,Standard,10/24/2025,10/24/2025,C17DQ1M6Q6L4,,United States,394666082458,94071-1-1-OLLI,97969,ZONES,1,2025-10-27 22:59:15,,,2025-10-31 20:01:07
Deployment,163,Orion First,94035-1-ORIO,COMPLETE,2 Day,10/24/2025,10/24/2025,PF4KJ2J4,,United States,394627922688,94035-1-1-ORIO,71379,ZONES,1,2025-10-27 11:45:18,,,2025-10-27 16:45:32
Deployment,163,Branch,93991-1-BRAN,COMPLETE,2 Day,10/24/2025,10/24/2025,FKQPNQG204,,United States,394628897289,93991-1-1-BRAN,48346,ZONES,1,2025-10-25 02:30:18,,,2025-10-28 13:31:47
Deployment,163,Branch,93980-1-BRAN,COMPLETE,2 Day,10/24/2025,10/24/2025,M5FV73D7YP,Missing Charger,United States,394627838423,93980-1-1-BRAN,127903,ZONES,1,2025-10-25 02:29:16,,,2025-10-26 17:29:55
Deployment,163,Clutch,93973-1-CLUT,COMPLETE,Overnight,10/24/2025,10/24/2025,M5QHCD7WP2,,United States,394628533978,93973-1-1-CLUT,108346,ZONES,1,2025-10-25 02:28:15,,,2025-10-27 12:29:19
Deployment,163,Simulations Plus,93935-1-SIMU,COMPLETE,2 Day,10/24/2025,10/24/2025,7JVZ674,,United States,394628630000,93935-1-1-SIMU,71716,ZONES,1,2025-10-25 02:26:16,,,2025-10-26 12:26:45
Deployment,163,Collective,93914-1-COLL,COMPLETE,Standard,10/24/2025,10/24/2025,F2FT779WCV,,United States,394628269021,93914-1-1-COLL,83458,ZONES,1,2025-10-25 02:26:15,,,2025-10-27 12:27:34
Deployment,163,Collective,93910-1-COLL,COMPLETE,Standard,10/24/2025,10/24/2025,HPQXVG7W77,Missing Charger,United States,394628705458,93910-1-1-COLL,97171,ZONES,1,2025-10-25 02:25:15,,,2025-10-29 13:27:03
Deployment,163,Collective,93908-1-COLL,COMPLETE,Standard,10/24/2025,10/24/2025,GHM7H574PD,,United States,394628178619,93908-1-1-COLL,83295,ZONES,1,2025-10-25 02:24:18,,,2025-10-28 14:25:45
Deployment,163,Collective,93905-1-COLL,COMPLETE,Standard,10/24/2025,10/24/2025,FGQRLFPK6T,Missing Charger,United States,394628642508,93905-1-1-COLL,83222,ZONES,1,2025-10-25 02:24:18,,,2025-10-26 11:24:57
Deployment,163,Collective,93898-1-COLL,COMPLETE,Standard,10/24/2025,10/24/2025,DX326RJ7C9,,United States,394628533095,93898-1-1-COLL,83491,ZONES,1,2025-10-25 02:24:16,,,2025-10-30 13:26:34
Deployment,163,Clarvos,93876-1-CLAR,COMPLETE,Overnight,10/24/2025,10/24/2025,12HLHW3,,United States,394628812198,93876-1-1-CLAR,59728,ZONES,1,2025-10-25 02:24:15,,,2025-10-27 14:25:25
Deployment,163,Enterprise DB,93874-1-ENTE,COMPLETE,Overnight,10/24/2025,10/24/2025,JD4FRJG473,,United States,394628855113,93874-1-1-ENTE,83158,ZONES,1,2025-10-25 02:23:16,,,2025-10-27 11:24:09
Deployment,163,Alpaca,93814-1-ALPA,COMPLETE,Standard,10/24/2025,10/24/2025,L9252G4GVF,,United States,394627990258,93814-1-1-ALPA,191869,ZONES,1,2025-10-25 02:22:14,,,2025-10-28 10:23:50
Deployment,163,MANTL,93778-1-MANT,COMPLETE,2 Day,10/23/2025,10/23/2025,CLQYDJYF22,,United States,394627447769,93778-1-1-MANT,45533,ZONES,1,2025-10-24 21:43:17,,,2025-10-27 13:44:31
Deployment,163,DTEX Systems,93314-1-DTEX,COMPLETE,2 Day,10/21/2025,10/23/2025,DMQJY6R2TK,,United States,394588555048,93314-1-1-DTEX,49623,ZONES,1,2025-10-24 13:39:25,,,2025-10-27 13:40:29
Deployment,163,Render,93682-1-REND,COMPLETE,Overnight,10/23/2025,10/23/2025,CMH4P7G9DN,,United States,394585831635,93682-1-1-REND,251702,ZONES,1,2025-10-24 10:39:19,,,2025-10-24 12:39:26
Deployment,163,FairPlay Sports Media,93517-1-ODDS,COMPLETE,Standard,10/22/2025,10/22/2025,RY74YDJY76,,United States,394549075152,93517-1-1-ODDS,5223,ZONES,1,2025-10-23 15:43:18,,,2025-10-28 16:45:24
Deployment,163,"Eden Health International, Inc.",93503-1-EDEN,COMPLETE,Overnight,10/22/2025,10/22/2025,F49395P93T,,United States,394548680541,93503-1-1-EDEN,71661,ZONES,1,2025-10-23 15:43:18,,,2025-10-24 16:44:11
Deployment,163,Upwind Security,93358-1-UPWI,COMPLETE,Standard,10/22/2025,10/22/2025,PF5802LM,Missing Charger,United States,394548964716,93358-1-1-UPWI,75691,ZONES,1,2025-10-23 15:43:17,,,2025-10-25 11:44:12
Deployment,163,ShiftIT Corp.,93262-1-SHIF,COMPLETE,Standard,10/21/2025,10/21/2025,0F3DJQV24463HH,,Canada,445943505032,93262-1-1-SHIF,93547,ZONES,1,2025-10-22 00:49:15,,,2025-10-22 18:49:40
Deployment,163,Revenue.io,93249-1-REVE,EXCEPTION,2 Day,10/21/2025,10/21/2025,BZVK5M3,Missing Charger,United States,394548749630,93249-1-1-REVE,65078,ZONES,1,2025-10-23 15:41:16,,,
Deployment,163,QuestionPro,93197-1-QUES,COMPLETE,2 Day,10/21/2025,10/21/2025,HXWMY64,,United States,394504988840,93197-1-1-QUES,54302,ZONES,1,2025-10-21 21:26:17,,,2025-10-23 11:26:58
Deployment,163,CLabs,92846-1-CLAB,COMPLETE,Overnight,10/17/2025,10/21/2025,N9DT7YQJJQ,,United States,394500713678,92846-1-1-CLAB,67036,ZONES,1,2025-10-21 20:55:19,,,2025-10-22 13:55:37
Deployment,163,BigCommerce,93023-1-BIGC,COMPLETE,2 Day,10/20/2025,10/20/2025,HCQ48G3,,United States,394457783100,93023-1-1-BIGC,48209,ZONES,1,2025-10-21 00:45:16,,,2025-10-22 16:46:27
Deployment,163,Gradle,93064-1-GRAD,COMPLETE,Standard,10/20/2025,10/20/2025,C3FQL729XL,,United States,394451203660,93064-1-1-GRAD,39133,ZONES,1,2025-10-21 00:46:14,,,2025-10-23 21:47:52
Deployment,163,Valiantys,92803-1-VALI,COMPLETE,Standard,10/17/2025,10/20/2025,M69KP6V616,,United States,394457712965,92803-1-1-VALI,250197,ZONES,1,2025-10-21 00:47:15,,,2025-10-22 12:48:11
Deployment,163,STEM From Dance,93003-1-STEM,COMPLETE,Overnight,10/20/2025,10/20/2025,DC4PDQLJ14,Missing Charger,United States,394504269639,93003-1-1-STEM,61838,ZONES,1,2025-10-21 21:05:20,,,2025-10-22 14:05:44
Deployment,163,DTEX Systems,92941-1-DTEX,CANCELED,Standard,10/20/2025,10/20/2025,4R7ZVW3,,United States,394457629339,92941-1-1-DTEX,37928,ZONES,1,2025-10-21 00:48:16,,,2025-10-29 12:52:06
Deployment,163,Postscript,92844-1-POST,COMPLETE,Overnight,10/17/2025,10/19/2025,FQFLXX7J06,,Canada,445943504850,92844-1-1-POST,100943,ZONES,1,2025-10-21 00:49:16,,,2025-10-21 16:50:24
Deployment,163,Pomelo Care,92870-1-POME,COMPLETE,2 Day,10/17/2025,10/17/2025,J197KVWPWP,,United States,394386772060,92870-1-1-POME,39836,ZONES,1,2025-10-18 07:50:16,,,2025-10-20 12:51:04
Deployment,163,Franki,92829-1-FRAN,COMPLETE,2 Day,10/17/2025,10/17/2025,L124CGJ071,,United States,394386622810,92829-1-1-FRAN,99056,ZONES,1,2025-10-18 07:50:16,,,2025-10-20 16:51:32
Deployment,163,MANTL,92782-1-MANT,COMPLETE,2 Day,10/17/2025,10/17/2025,C7CNPC614H,,United States,394387018780,92782-1-1-MANT,41200,ZONES,1,2025-10-18 07:49:14,,,2025-10-21 09:50:27
Deployment,163,MANTL,92780-1-MANT,COMPLETE,2 Day,10/17/2025,10/17/2025,K2T2XN92R0,,United States,394386906557,92780-1-1-MANT,50564,ZONES,1,2025-10-18 07:48:14,,,2025-10-21 15:49:52
Deployment,163,MANTL,92778-1-MANT,COMPLETE,2 Day,10/17/2025,10/17/2025,K4L69QQJ71,,United States,394386968842,92778-1-1-MANT,50563,ZONES,1,2025-10-18 07:47:16,,,2025-10-20 17:48:09
Deployment,163,GlossGenius,92748-1-GLOS,COMPLETE,2 Day,10/17/2025,10/17/2025,K767G9LQFR,,United States,394386559950,92748-1-1-GLOS,95990,ZONES,1,2025-10-18 07:46:14,,,2025-10-21 14:47:39
Deployment,163,Bikham Information Technology,92699-1-BIKH,COMPLETE,Standard,10/16/2025,10/16/2025,5CD134JPQG,,United States,394386485554,92699-1-1-BIKH,8078,ZONES,1,2025-10-18 07:45:15,,,2025-10-20 16:46:24
Deployment,163,Trusted Inc.,92574-1-TRUS,COMPLETE,Overnight,10/16/2025,10/16/2025,C02GW4N9Q05F,Missing Charger,United States,394386689419,92574-1-1-TRUS,42770,ZONES,1,2025-10-18 07:43:15,,,2025-10-20 15:44:14
Deployment,163,Justworks,92057-1-JUST,COMPLETE,Overnight,10/13/2025,10/14/2025,JVM34FC9Q6,,Canada,445943504702,92057-1-1-JUST,97443,ZONES,1,2025-10-16 08:33:18,,,2025-10-16 15:33:35
Deployment,163,Ironclad,94619-1-IRON,PENDING_RECIPIENT_INFORMATION,Standard,10/28/2025,,PQWK2RDXDR,Missing Charger,,,94619-1-1-IRON,110529,ZONES,1,,,,
Deployment,163,Simulations Plus,96300-1-SIMU,PENDING_RECIPIENT_INFORMATION,Standard,11/05/2025,,J6VJ5Y3,Missing Charger,,,96300-1-1-SIMU,53458,ZONES,1,,,,
Deployment,163,Ironclad,94625-1-IRON,PENDING_RECIPIENT_INFORMATION,Standard,10/28/2025,,VT3J7QD9GJ,,,,94625-1-1-IRON,13219,ZONES,1,,,,
Deployment,163,Ironclad,94618-1-IRON,PENDING_RECIPIENT_INFORMATION,Standard,10/28/2025,,X7F2Q37KQR,,,,94618-1-1-IRON,55451,ZONES,1,,,,
Deployment,163,Ironclad,94613-1-IRON,PENDING_RECIPIENT_INFORMATION,Standard,10/28/2025,,YG43HX2GX9,,,,94613-1-1-IRON,58405,ZONES,1,,,,
Deployment,163,Mediasmith,96688-1-MEDI,PENDING_RECIPIENT_INFORMATION,Standard,11/07/2025,,FVFDX3KVQ6LR,,,,96688-1-1-MEDI,29538,ZONES,1,,,,
Deployment,163,Posh,94968-1-POSH,CANCELED,Standard,10/30/2025,,LPQL71XG60,,,,94968-1-1-POSH,27389,ZONES,1,,,,
Drop Retrieval,79,Loanpro,96240-1-LOAN,IN_FULFILLMENT,Standard,11/05/2025,11/09/2025,VGD17305V6,,United States,,96240-1-1-LOAN,263508,ZONES,1,,,,
Drop Retrieval,79,PrizePicks,96555-1-PRIZ,IN_FULFILLMENT,Standard,11/07/2025,11/09/2025,F2HMXGK6H2,,United States,,96555-1-1-PRIZ,94675,ZONES,1,,,,
Drop Retrieval,79,Patreon,96718-1-PATR,IN_FULFILLMENT,Standard,11/08/2025,11/08/2025,R90ZMQQD,,United States,,96718-1-1-PATR,264723,ZONES,1,,,,
Drop Retrieval,79,Boulevard,96683-1-BOUL,IN_FULFILLMENT,Standard,11/07/2025,11/08/2025,,,United States,,96683-1-1-BOUL,264688,ZONES,1,,,,
Drop Retrieval,79,Ever.Ag,96707-1-EVER,IN_FULFILLMENT,Standard,11/07/2025,11/08/2025,B1DBQ04,,United States,,96707-1-1-EVER,109045,ZONES,1,,,,
Drop Retrieval,79,Housing Connector,96720-1-HOUS,IN_FULFILLMENT,Standard,11/08/2025,11/08/2025,na,,United States,,96720-1-1-HOUS,264725,ZONES,1,,,,
Drop Retrieval,79,Octave,96716-1-OCTA,IN_FULFILLMENT,Standard,11/07/2025,11/07/2025,,,United States,,96716-1-1-OCTA,264716,ZONES,1,,,,
Drop Retrieval,79,Delta Defense,96699-1-DELT,IN_FULFILLMENT,Standard,11/07/2025,11/07/2025,,,United States,,96699-1-1-DELT,264704,ZONES,1,,,,
Drop Retrieval,79,PrescientAI,96714-1-PRES,IN_FULFILLMENT,Standard,11/07/2025,11/07/2025,,,United States,,96714-1-1-PRES,264715,ZONES,1,,,,
Drop Retrieval,79,PrizePicks,96708-1-PRIZ,IN_FULFILLMENT,Standard,11/07/2025,11/07/2025,3Z2H864,,United States,,96708-1-1-PRIZ,264712,ZONES,1,,,,
Drop Retrieval,79,PlugPV,96687-1-PLUG,IN_FULFILLMENT,2 Day,11/07/2025,11/07/2025,71VL214,,United States,,96687-1-1-PLUG,264691,ZONES,1,,,,
Drop Retrieval,79,Vimeo,95507-1-VIME,IN_FULFILLMENT,Standard,11/03/2025,11/07/2025,C21VQ0TQPG,,United States,,95507-1-1-VIME,109595,ZONES,1,,,,
Drop Retrieval,79,Mechanical Orchard,96672-1-MECH,IN_FULFILLMENT,Standard,11/07/2025,11/07/2025,FT20J24HY9,,United States,,96672-1-1-MECH,260274,ZONES,1,,,,
Drop Retrieval,79,"GeneMetrics, Inc",96652-1-GENE,IN_FULFILLMENT,Standard,11/07/2025,11/07/2025,,,United States,,96652-1-1-GENE,264118,ZONES,1,,,,
Drop Retrieval,79,Sharp Hue,96637-1-SHAR,IN_FULFILLMENT,2 Day,11/07/2025,11/07/2025,0F388XD24363MR,,United States,,96637-1-1-SHAR,264108,ZONES,1,,,,
Drop Retrieval,79,North American Dental Group,96636-1-NORT,IN_FULFILLMENT,Standard,11/07/2025,11/07/2025,,,United States,,96636-1-1-NORT,264107,ZONES,1,,,,
Drop Retrieval,79,Renovo Financial,96634-1-RENO,IN_FULFILLMENT,Standard,11/07/2025,11/07/2025,,,United States,,96634-1-1-RENO,264106,ZONES,1,,,,
Drop Retrieval,79,grOH Playrooms,96630-1-GROH,IN_FULFILLMENT,Standard,11/07/2025,11/07/2025,,,United States,,96630-1-3-GROH,,ZONES,2,,,,
Drop Retrieval,79,PrizePicks,96579-1-PRIZ,IN_FULFILLMENT,Standard,11/07/2025,11/07/2025,H53Q964246,,United States,,96579-1-1-PRIZ,95038,ZONES,1,,,,
Drop Retrieval,79,Sterling Engineering Co Inc,96577-1-STER,IN_FULFILLMENT,Standard,11/07/2025,11/07/2025,,,United States,,96577-1-1-STER,263909,ZONES,1,,,,
Drop Retrieval,79,BOLD,96541-1-BOLD,IN_FULFILLMENT,Standard,11/07/2025,11/07/2025,FWVQYHWWQG,,United States,,96541-1-1-BOLD,263879,ZONES,1,,,,
Drop Retrieval,79,Amperon,95964-1-AMPE,IN_FULFILLMENT,Standard,11/04/2025,11/06/2025,,,United States,,95964-1-1-AMPE,263336,ZONES,1,,,,
Drop Retrieval,79,Ascendion,96495-1-ASCE,IN_FULFILLMENT,Standard,11/06/2025,11/06/2025,,,United States,,96495-1-1-ASCE,263853,ZONES,1,,,,
Drop Retrieval,79,AuditBoard,96490-1-AUDI,IN_FULFILLMENT,Standard,11/06/2025,11/06/2025,,,United States,,96490-1-3-AUDI,,ZONES,2,,,,
Drop Retrieval,79,Skimmer,96504-1-SKIM,IN_FULFILLMENT,Standard,11/06/2025,11/06/2025,,,United States,,96504-1-1-SKIM,263858,ZONES,1,,,,
Drop Retrieval,79,Marketing Architects,96501-1-MARK,IN_FULFILLMENT,Standard,11/06/2025,11/06/2025,,,United States,,96501-1-1-MARK,263854,ZONES,1,,,,
Drop Retrieval,79,Hawk Ridge Systems,96468-1-HAWK,IN_FULFILLMENT,Standard,11/06/2025,11/06/2025,PF41NBDB,,United States,,96468-1-1-HAWK,263843,ZONES,1,,,,
Drop Retrieval,79,Dandelion Energy,96469-1-DAND,IN_FULFILLMENT,2 Day,11/06/2025,11/06/2025,,,United States,,96469-1-1-DAND,263844,ZONES,1,,,,
Drop Retrieval,79,Biozen,96449-1-BIOZ,IN_FULFILLMENT,Standard,11/06/2025,11/06/2025,,,United States,,96449-1-1-BIOZ,263828,ZONES,1,,,,
Drop Retrieval,79,Ansley Park Capital,96444-1-ANSL,IN_FULFILLMENT,Standard,11/06/2025,11/06/2025,,,United States,,96444-1-1-ANSL,263827,ZONES,1,,,,
Drop Retrieval,79,Interstates,95893-1-INTE,SHIPPED,Standard,11/04/2025,11/04/2025,,,United States,8857 5825 5946,95893-1-1-INTE,263255,ZONES,1,2025-11-06 11:01:17,,,
Drop Retrieval,79,North American Dental Group,95959-1-NORT,PENDING_RETURN,Standard,11/04/2025,11/04/2025,,,United States,8857 5836 6935,95959-1-1-NORT,263334,ZONES,1,2025-11-06 11:06:21,,2025-11-07 12:20:12,
Drop Retrieval,79,Nuvei,95953-1-NUVE,PENDING_RETURN,Standard,11/04/2025,11/04/2025,NA,,United States,8857 5882 1256,95953-1-1-NUVE,263326,ZONES,1,2025-11-06 12:20:17,,2025-11-07 16:24:14,
Drop Retrieval,79,Boutique Recruiting,95747-1-BOUT,IN_RETURN,Standard,11/03/2025,11/04/2025,,,United States,885758487042,95747-1-1-BOUT,262853,ZONES,1,2025-11-06 11:08:09,2025-11-07 17:43:48,2025-11-07 13:22:24,
Drop Retrieval,79,Monique Burr Foundation for Children,95930-1-MONI,PENDING_RETURN,Standard,11/04/2025,11/04/2025,4QB3HS3,,United States,885756912799,95930-1-1-MONI,263297,ZONES,1,2025-11-06 11:08:36,,2025-11-07 13:22:56,
Drop Retrieval,79,Tekstream,95931-1-TEKS,IN_FULFILLMENT,Standard,11/04/2025,11/04/2025,PF5JLA4Q,,United States,8857 5630 2004,95931-1-1-TEKS,263301,ZONES,1,,,,
Drop Retrieval,79,Stack Sports,95596-1-STAC,PENDING_RETURN,Standard,11/03/2025,11/03/2025,,,United States,8857 2162 2330,95596-1-3-STAC,,ZONES,2,2025-11-05 02:57:21,,2025-11-07 17:05:19,
Drop Retrieval,79,Stack Sports,95585-1-STAC,PENDING_RETURN,Standard,11/03/2025,11/03/2025,,,United States,8857 2100 5743,95585-1-3-STAC,,ZONES,2,2025-11-05 03:05:24,,2025-11-07 14:20:57,
Drop Retrieval,79,PrizePicks,95584-1-PRIZ,PENDING_RETURN,Standard,11/03/2025,11/03/2025,,,United States,8857 2367 9365,95584-1-1-PRIZ,262676,ZONES,1,2025-11-05 03:13:28,,2025-11-09 13:21:35,
Drop Retrieval,79,Stack Sports,95579-1-STAC,PENDING_RETURN,Standard,11/03/2025,11/03/2025,,,United States,8857 2024 1199,95579-1-1-STAC,262675,ZONES,1,2025-11-04 21:06:19,,2025-11-06 14:08:00,
Drop Retrieval,79,Stack Sports,95549-1-STAC,PENDING_RETURN,Standard,11/03/2025,11/03/2025,,,United States,8857 1995 9200,95549-1-1-STAC,262670,ZONES,1,2025-11-05 03:04:18,,2025-11-07 13:09:44,
Drop Retrieval,79,Stack Sports,95544-1-STAC,PENDING_RETURN,Standard,11/03/2025,11/03/2025,,,United States,8857 1979 1193,95544-1-1-STAC,262668,ZONES,1,2025-11-05 03:07:26,,2025-11-06 11:09:14,
Drop Retrieval,79,Ascendion,95519-1-ASCE,IN_RETURN,Standard,11/03/2025,11/03/2025,,,United States,885714887412,95519-1-1-ASCE,262431,ZONES,1,2025-11-05 03:14:29,2025-11-07 15:18:23,2025-11-06 16:17:23,
Drop Retrieval,79,Stack Sports,95538-1-STAC,IN_RETURN,Standard,11/03/2025,11/03/2025,,,United States,885713931416,95538-1-1-STAC,262532,ZONES,1,2025-11-05 03:14:33,2025-11-07 18:18:58,2025-11-06 14:17:03,
Drop Retrieval,79,Atticus,95533-1-ATTI,SHIPPED,Standard,11/03/2025,11/03/2025,,,United States,8857 1452 6320,95533-1-1-ATTI,262471,ZONES,1,2025-11-05 03:10:23,,,
Drop Retrieval,79,Marketing Architects,95531-1-MARK,SHIPPED,Standard,11/03/2025,11/03/2025,,,United States,8857 1421 4101,95531-1-1-MARK,262436,ZONES,1,2025-11-05 03:04:21,,,
Drop Retrieval,79,Ascendion,95521-1-ASCE,SHIPPED,Standard,11/03/2025,11/03/2025,,,United States,8857 1397 8149,95521-1-1-ASCE,262432,ZONES,1,2025-11-05 03:08:19,,,
Drop Retrieval,79,Ascendion,95517-1-ASCE,PENDING_RETURN,Standard,11/03/2025,11/03/2025,,,United States,885711004665,95517-1-1-ASCE,262430,ZONES,1,2025-11-03 23:22:24,,2025-11-04 13:28:02,
Drop Retrieval,79,Aclaimant,95486-1-ACLA,PENDING_RETURN,Standard,11/02/2025,11/03/2025,,,United States,8857 1362 0318,95486-1-1-ACLA,262373,ZONES,1,2025-11-04 21:09:18,,2025-11-06 16:10:55,
Drop Retrieval,79,Vimeo,95506-1-VIME,PENDING_RETURN,Standard,11/03/2025,11/03/2025,C02FW1W0Q05Q,,United States,8857 1268 2560,95506-1-1-VIME,53591,ZONES,1,2025-11-04 21:13:15,,2025-11-09 13:20:02,
Drop Retrieval,79,Aledade,94958-1-ALED,PENDING_RETURN,Standard,10/30/2025,10/31/2025,C02G649SML85,,United States,8856 6137 1331,94958-1-1-ALED,65588,ZONES,1,2025-11-03 20:25:16,,2025-11-07 15:38:48,
Drop Retrieval,79,Dagster Labs,94717-1-DAGS,PENDING_RETURN,Standard,10/29/2025,10/31/2025,Q3403Y99RF,,United States,8856 6039 4634,94717-1-1-DAGS,261344,ZONES,1,2025-11-03 20:21:16,,2025-11-05 13:22:56,
Drop Retrieval,79,Feedonomics,95254-1-FEED,PENDING_RETURN,Standard,10/31/2025,10/31/2025,FW4NKPJ21N,,United States,8856 6016 5985,95254-1-1-FEED,261913,ZONES,1,2025-11-03 20:19:13,,2025-11-05 13:20:20,
Drop Retrieval,79,Root Functional Medicine,95262-1-ROOT,IN_RETURN,Standard,10/31/2025,10/31/2025,,,United States,885658768899,95262-1-1-ROOT,261916,ZONES,1,2025-11-03 20:22:15,2025-11-07 17:26:47,2025-11-05 13:23:25,
Drop Retrieval,79,ActivTrak,93708-1-ACTI,IN_FULFILLMENT,Standard,10/23/2025,10/30/2025,PF5C36KP,,United States,,93708-1-1-ACTI,260519,ZONES,1,,,,
Drop Retrieval,79,EnergyCAP,94795-1-ENER,PENDING_RETURN,Standard,10/29/2025,10/30/2025,,,United States,885654724081,94795-1-1-ENER,261371,ZONES,1,2025-11-04 11:41:08,,2025-11-07 15:39:31,
Drop Retrieval,79,Shoott,95040-1-SHOO,PENDING_RETURN,Standard,10/30/2025,10/30/2025,,,United States,8856 3288 6033,95040-1-1-SHOO,261816,ZONES,1,2025-10-31 19:02:17,,2025-11-04 16:06:12,
Drop Retrieval,79,Axia Women's Health,90980-1-AXIA,PENDING_RETURN,Standard,10/06/2025,10/30/2025,PF3WFBLD,,United States,8856 3173 4438,90980-1-1-AXIA,256876,ZONES,1,2025-10-31 19:10:17,,2025-11-01 11:10:32,
Drop Retrieval,79,Daic Law,95034-1-DAIC,PENDING_RETURN,Standard,10/30/2025,10/30/2025,,,United States,8856 3118 8795,95034-1-1-DAIC,261800,ZONES,1,2025-10-31 18:57:15,,2025-11-04 15:59:43,
Drop Retrieval,79,"Tumbler Holdings, Inc.",95031-1-TUMB,PENDING_RETURN,Standard,10/30/2025,10/30/2025,,,United States,8856 3090 7466,95031-1-1-TUMB,261799,ZONES,1,2025-10-31 19:10:21,,2025-11-06 15:16:06,
Drop Retrieval,79,Clover PR,95027-1-CLOV,PENDING_RETURN,Standard,10/30/2025,10/30/2025,,,United States,8856 3052 8669,95027-1-1-CLOV,261797,ZONES,1,2025-10-31 19:11:15,,2025-11-04 13:15:34,
Drop Retrieval,79,Skimmer,95019-1-SKIM,PENDING_RETURN,Standard,10/30/2025,10/30/2025,,,United States,8856 2948 7260,95019-1-1-SKIM,261796,ZONES,1,2025-10-31 19:15:17,,2025-11-03 13:16:50,
Drop Retrieval,79,EnergyCAP,95012-1-ENER,PENDING_RETURN,Standard,10/30/2025,10/30/2025,,,United States,8856 3141 4254,95012-1-1-ENER,261792,ZONES,1,2025-11-03 20:19:18,,2025-11-06 15:21:15,
Drop Retrieval,79,Aledade,94955-1-ALED,COMPLETE,Standard,10/30/2025,10/30/2025,,,United States,885623482363,94955-1-1-ALED,261770,ZONES,1,2025-10-31 18:59:15,2025-11-04 15:00:51,2025-11-03 10:00:20,2025-11-05 18:01:51
Drop Retrieval,79,apis Services,94964-1-APIS,PENDING_RETURN,Standard,10/30/2025,10/30/2025,,,United States,8856 2315 3829,94964-1-1-APIS,261780,ZONES,1,2025-10-31 18:55:18,,2025-11-03 15:56:29,
Drop Retrieval,79,mindbodygreen,94186-1-MIND,PENDING_RETURN,Standard,10/27/2025,10/29/2025,,,United States,885600414667,94186-1-1-MIND,260882,ZONES,1,2025-10-30 23:30:22,,2025-11-04 10:33:25,
Drop Retrieval,79,Lightspeed Systems,94228-1-LIGH,IN_RETURN,Standard,10/27/2025,10/29/2025,,,United States,885600289155,94228-1-1-LIGH,260888,ZONES,1,2025-10-30 19:32:18,2025-11-05 21:25:42,2025-11-02 10:33:22,
Drop Retrieval,79,Aledade,94777-1-ALED,COMPLETE,Standard,10/29/2025,10/29/2025,,,United States,885600079836,94777-1-1-ALED,261361,ZONES,1,2025-10-30 19:32:17,2025-11-03 15:25:34,2025-10-31 11:32:41,2025-11-05 18:30:47
Drop Retrieval,79,Aledade,94775-1-ALED,PENDING_RETURN,Standard,10/29/2025,10/29/2025,,,United States,885599978274,94775-1-1-ALED,261360,ZONES,1,2025-10-30 19:32:20,,2025-11-01 13:33:10,
Drop Retrieval,79,Aledade,94774-1-ALED,IN_RETURN,Standard,10/29/2025,10/29/2025,KGDYCY9XQT,,United States,885599796326,94774-1-1-ALED,252663,ZONES,1,2025-10-30 19:32:20,2025-11-07 12:26:41,2025-11-01 12:33:04,
Drop Retrieval,79,Aledade,94773-1-ALED,COMPLETE,Standard,10/29/2025,10/29/2025,,,United States,885599716031,94773-1-1-ALED,261358,ZONES,1,2025-10-30 19:32:19,2025-11-04 18:28:11,2025-11-03 13:34:36,2025-11-06 18:29:19
Drop Retrieval,79,Aledade,94772-1-ALED,IN_RETURN,Standard,10/29/2025,10/29/2025,F4KTW3K2LV,,United States,885599575594,94772-1-1-ALED,74836,ZONES,1,2025-10-30 19:33:20,2025-11-06 13:55:54,2025-11-01 17:34:13,
Drop Retrieval,79,Vimeo,94730-1-VIME,PENDING_RETURN,Standard,10/29/2025,10/29/2025,QKJ39PDHCD,,United States,8856 0109 0550,94730-1-1-VIME,64349,ZONES,1,2025-10-30 19:33:19,,2025-11-01 13:34:05,
Drop Retrieval,79,Vimeo,94724-1-VIME,PENDING_RETURN,Standard,10/29/2025,10/29/2025,FP4X0VYQ5N,,United States,8856 0122 8263,94724-1-1-VIME,109680,ZONES,1,2025-10-30 19:34:19,,2025-11-02 11:35:20,
Drop Retrieval,79,Krazy Coupon Lady,94711-1-KRAZ,PENDING_RETURN,2 Day,10/29/2025,10/29/2025,PF44XF5N,,United States,8856 0130 3332,94711-1-1-KRAZ,49350,ZONES,1,2025-10-30 19:35:19,,2025-11-03 16:36:42,
Drop Retrieval,79,apis Services,93989-1-APIS,PENDING_RETURN,Standard,10/24/2025,10/29/2025,,,United States,8856 0140 4802,93989-1-1-APIS,260678,ZONES,1,2025-10-30 19:35:18,,2025-11-02 15:36:17,
Drop Retrieval,79,apis Services,94559-1-APIS,PENDING_RETURN,Standard,10/28/2025,10/28/2025,,,United States,8856 0148 6743,94559-1-1-APIS,261190,ZONES,1,2025-10-30 19:35:19,,2025-11-01 12:36:11,
Drop Retrieval,79,apis Services,94026-1-APIS,PENDING_RETURN,Standard,10/24/2025,10/28/2025,,,United States,885567697541,94026-1-1-APIS,260725,ZONES,1,2025-10-30 19:36:18,,2025-11-03 17:38:05,
Drop Retrieval,79,PrescientAI,94606-1-PRES,PENDING_RETURN,Standard,10/28/2025,10/28/2025,,,United States,885567630162,94606-1-1-PRES,261207,ZONES,1,2025-10-30 19:36:18,,2025-11-05 15:40:39,
Process,4,Seldon,96179-1-SELD,PROCESSING_DEVICE,,11/05/2025,,5CD0448XPW,,,,96179-1-1-SELD,24546,ZONES,1,,,,
Process,4,PayNearMe,96205-1-PAYN,PROCESSING_DEVICE,,11/05/2025,,KLW1HQRTFH,,,,96205-1-1-PAYN,105875,ZONES,1,,,,
Process,4,Lumivero,96264-1-LUMI,PROCESSING_DEVICE,,11/05/2025,,WQ0HYX02VN,,,,96264-1-1-LUMI,83187,ZONES,1,,,,
Process,4,Mesh Connect inc.,96372-1-MESH,PROCESSING_DEVICE,,11/06/2025,,VFTJX675M6,,,,96372-1-1-MESH,107497,ZONES,1,,,,
Procurement to Recipient,41,Aledade,95623-1-ALED,IN_FULFILLMENT,Standard,11/03/2025,11/07/2025,H4W5XQXQ0J,,United States,,95623-1-3-ALED,,ZONES,2,,,,
Procurement to Recipient,41,Aledade,95636-1-ALED,EXCEPTION,Standard,11/03/2025,11/06/2025,H62N9J7P0K,,United States,,95636-1-3-ALED,,ZONES,2,,,,
Procurement to Recipient,41,Check,96295-1-CHEC,IN_FULFILLMENT,Standard,11/05/2025,11/06/2025,J72XL29DW7,,United States,419808995257,96295-1-6-CHEC,82020,ZONES,1,,,,
Procurement to Recipient,41,Aledade,95631-1-ALED,EXCEPTION,Standard,11/03/2025,11/05/2025,CRW9PXWJL7,,United States,,95631-1-3-ALED,,ZONES,2,,,,
Procurement to Recipient,41,Aledade,95614-1-ALED,IN_FULFILLMENT,Standard,11/03/2025,11/05/2025,GW7J4FXYNW,,United States,,95614-1-3-ALED,,ZONES,2,,,,
Procurement to Recipient,41,Aledade,95634-1-ALED,CANCELED,Standard,11/03/2025,11/05/2025,H4W5XQXQ0J,,United States,,95634-1-3-ALED,,ZONES,2,,,,
Procurement to Recipient,41,Aledade,95173-1-ALED,IN_FULFILLMENT,Standard,10/30/2025,11/04/2025,HCG75YJK2R,,United States,,95173-1-3-ALED,,ZONES,2,,,,
Procurement to Recipient,41,Aledade,95620-1-ALED,IN_FULFILLMENT,Standard,11/03/2025,11/04/2025,M721TF4Y6N,,United States,,95620-1-3-ALED,,ZONES,2,,,,
Procurement to Recipient,41,Aledade,95625-1-ALED,IN_FULFILLMENT,Standard,11/03/2025,11/03/2025,MKJ4X6J2GW,,United States,394990066774,95625-1-3-ALED,,ZONES,2,,,,
Procurement to Recipient,41,Aledade,95626-1-ALED,IN_FULFILLMENT,Standard,11/03/2025,11/03/2025,CP6FX4L9F0,,United States,394990002464,95626-1-3-ALED,,ZONES,2,,,,
Procurement to Recipient,41,Aledade,95615-1-ALED,IN_FULFILLMENT,Standard,11/03/2025,11/03/2025,HTGGWGMQKK,,United States,394990136822,95615-1-3-ALED,,ZONES,2,,,,
Procurement to Recipient,41,Aledade,95622-1-ALED,IN_FULFILLMENT,Standard,11/03/2025,11/03/2025,F7GK3HGJ3M,,United States,394990101460,95622-1-3-ALED,,ZONES,2,,,,
Procurement to Recipient,41,Aledade,95618-1-ALED,IN_FULFILLMENT,Standard,11/03/2025,11/03/2025,FLM64N9KQ9,,United States,394989907033,95618-1-3-ALED,,ZONES,2,,,,
Procurement to Recipient,41,Aledade,95616-1-ALED,IN_FULFILLMENT,Standard,11/03/2025,11/03/2025,H4J9QF32JY,,United States,394990167350,95616-1-3-ALED,,ZONES,2,,,,
Procurement to Recipient,41,Aledade,95629-1-ALED,IN_FULFILLMENT,Standard,11/03/2025,11/03/2025,JYCFKPFGM4,,United States,,95629-1-3-ALED,,ZONES,2,,,,
Procurement to Recipient,41,Aledade,95632-1-ALED,IN_FULFILLMENT,Standard,11/03/2025,11/03/2025,KG20J1H7HX,,United States,394990194814,95632-1-3-ALED,,ZONES,2,,,,
Procurement to Recipient,41,Aledade,95635-1-ALED,IN_FULFILLMENT,Standard,11/03/2025,11/03/2025,M32WD672YT,,United States,394990042891,95635-1-4-ALED,,ZONES,3,,,,
Procurement to Recipient,41,Aledade,95171-1-ALED,COMPLETE,Standard,10/30/2025,11/03/2025,MXX022Y7DV,,United States,394944513915,95171-1-3-ALED,,ZONES,2,2025-11-04 15:46:23,,,2025-11-05 13:26:15
Procurement to Recipient,41,Aledade,95160-1-ALED,IN_FULFILLMENT,Standard,10/30/2025,11/03/2025,CDP4G9PXDL,,United States,394943705824,95160-1-3-ALED,,ZONES,2,,,,
Procurement to Recipient,41,Aledade,95168-1-ALED,IN_FULFILLMENT,Standard,10/30/2025,11/03/2025,CTK291LPDX,,United States,,95168-1-3-ALED,,ZONES,2,,,,
Procurement to Recipient,41,Aledade,95156-1-ALED,IN_FULFILLMENT,Standard,10/30/2025,11/03/2025,HC67PY6TNQ,,United States,,95156-1-3-ALED,,ZONES,2,,,,
Procurement to Recipient,41,Aledade,95170-1-ALED,IN_FULFILLMENT,Standard,10/30/2025,11/03/2025,KD9CMJJJD4,,United States,394944009404,95170-1-3-ALED,,ZONES,2,,,,
Procurement to Recipient,41,Aledade,95157-1-ALED,IN_FULFILLMENT,Standard,10/30/2025,11/03/2025,LM6FTVHXRJ,,United States,,95157-1-3-ALED,,ZONES,2,,,,
Procurement to Recipient,41,Aledade,95158-1-ALED,IN_FULFILLMENT,Standard,10/30/2025,11/03/2025,LV9HCJQWG1,,United States,394974006544,95158-1-3-ALED,,ZONES,2,,,,
Procurement to Recipient,41,Aledade,95163-1-ALED,IN_FULFILLMENT,Standard,10/30/2025,11/03/2025,MY47VGHXN2,,United States,394944067418,95163-1-3-ALED,,ZONES,2,,,,
Procurement to Recipient,41,Aledade,95164-1-ALED,COMPLETE,Standard,10/30/2025,10/31/2025,,,United States,394943852855,95164-1-4-ALED,,ZONES,3,2025-11-04 10:58:53,,,2025-11-06 14:54:28
Procurement to Recipient,41,Aledade,95179-1-ALED,COMPLETE,Standard,10/30/2025,10/31/2025,F9CNK72T3J,,United States,,95179-1-3-ALED,,ZONES,2,2025-11-04 15:50:10,,,2025-11-04 15:50:13
Procurement to Recipient,41,Aledade,95166-1-ALED,COMPLETE,Standard,10/30/2025,10/31/2025,G9N2K5J4H9,,United States,394868883855,95166-1-3-ALED,,ZONES,2,,,,2025-11-04 15:41:06
Procurement to Recipient,41,Aledade,95165-1-ALED,COMPLETE,Standard,10/30/2025,10/31/2025,GXKM6YD239,,United States,,95165-1-3-ALED,,ZONES,2,2025-11-04 15:40:35,,,2025-11-04 15:40:38
Procurement to Recipient,41,Aledade,95174-1-ALED,IN_FULFILLMENT,Standard,10/30/2025,10/31/2025,KGQY076WCW,,United States,394945027980,95174-1-3-ALED,,ZONES,2,,,,
Procurement to Recipient,41,Aledade,95169-1-ALED,IN_FULFILLMENT,Standard,10/30/2025,10/31/2025,KWYT42HWK6,,United States,394943751341,95169-1-3-ALED,,ZONES,2,,,,
Procurement to Recipient,41,Aledade,95159-1-ALED,IN_FULFILLMENT,Standard,10/30/2025,10/31/2025,LWV2WYPDYP,,United States,394870089862,95159-1-3-ALED,,ZONES,2,,,,
Procurement to Recipient,41,Aledade,95172-1-ALED,COMPLETE,Standard,10/30/2025,10/30/2025,CGWL0Q2GX3,,United States,,95172-1-3-ALED,,ZONES,2,2025-11-04 15:45:40,,,2025-11-04 15:45:44
Procurement to Recipient,41,Aledade,95162-1-ALED,IN_FULFILLMENT,Standard,10/30/2025,10/30/2025,D32DQW3LHP,,United States,,95162-1-3-ALED,,ZONES,2,,,,
Procurement to Recipient,41,Aledade,95178-1-ALED,COMPLETE,Standard,10/30/2025,10/30/2025,DY7C6K9WRH,,United States,394869871343,95178-1-3-ALED,,ZONES,2,2025-11-04 15:48:40,,,2025-11-04 15:48:43
Procurement to Recipient,41,Aledade,95175-1-ALED,COMPLETE,Standard,10/30/2025,10/30/2025,G20K9T4GF6,,United States,394869887754,95175-1-3-ALED,,ZONES,2,2025-11-04 15:45:14,,,2025-11-04 15:45:16
Procurement to Recipient,41,Aledade,95167-1-ALED,IN_FULFILLMENT,Standard,10/30/2025,10/30/2025,HCQ37NPX19,,United States,394869980053,95167-1-3-ALED,,ZONES,2,,,,
Procurement to Recipient,41,Aledade,95176-1-ALED,COMPLETE,Standard,10/30/2025,10/30/2025,HXY13QPQK3,,United States,,95176-1-3-ALED,,ZONES,2,2025-11-04 15:47:30,,,2025-11-04 15:47:32
Procurement to Recipient,41,Aledade,95177-1-ALED,COMPLETE,Standard,10/30/2025,10/30/2025,LJNF32HQ9T,,United States,394869840046,95177-1-3-ALED,,ZONES,2,2025-11-04 15:49:26,,,2025-11-04 15:49:29
Procurement to Recipient,41,Lumivero,94244-1-LUMI,COMPLETE,Standard,10/27/2025,10/27/2025,PF5JYKWN,,United States,486339573964,94244-1-4-LUMI,255786,ZONES,1,2025-10-28 20:44:06,,,2025-10-30 16:10:18
Procurement to Recipient,41,Nonstop Administration and Insurance Services,93662-1-NONS,COMPLETE,Standard,10/23/2025,10/27/2025,GRYG4K04G2,,United States,486339597170,93662-1-8-NONS,57422,ZONES,1,2025-10-28 23:45:38,,,2025-10-30 14:12:17
Recycle,16,Mediasmith,96659-1-MEDI,CREATED,,11/07/2025,,PF1LGGGQ,,,,96659-1-1-MEDI,29564,ZONES,1,,,,
Recycle,16,RSA Conference,96122-1-RSAC,CREATED,,11/05/2025,,66JXDY3,,,,96122-1-1-RSAC,44065,ZONES,1,,,,
Recycle,16,Mediasmith,96658-1-MEDI,CREATED,,11/07/2025,,FVFH44BVQ6LR,,,,96658-1-1-MEDI,6848,ZONES,1,,,,
Recycle,16,RSA Conference,96118-1-RSAC,CREATED,,11/05/2025,,7XQVVH3,,,,96118-1-1-RSAC,80129,ZONES,1,,,,
Recycle,16,TransfrVR,96129-1-TRAN,CREATED,,11/05/2025,,055850514257,,,,96129-1-1-TRAN,81639,ZONES,1,,,,
Recycle,16,Mediasmith,96657-1-MEDI,CREATED,,11/07/2025,,FVFGF0AXQ6LR,,,,96657-1-1-MEDI,91279,ZONES,1,,,,
Recycle,16,NP Digital,96396-1-NPDI,CREATED,,11/06/2025,,FVFHN6X8Q05N,,,,96396-1-1-NPDI,100715,ZONES,1,,,,
Recycle,16,NP Digital,96399-1-NPDI,CREATED,,11/06/2025,,MP29EP7A,,,,96399-1-1-NPDI,65199,ZONES,1,,,,
Recycle,16,RSA Conference,96120-1-RSAC,CREATED,,11/05/2025,,DP3JGY3,,,,96120-1-1-RSAC,45956,ZONES,1,,,,
Recycle,16,Escalon,96176-1-ESCA,CREATED,,11/05/2025,,GM00LDA8,,,,96176-1-1-ESCA,37080,ZONES,1,,,,
Recycle,16,TransfrVR,96128-1-TRAN,CREATED,,11/05/2025,,057484714257,,,,96128-1-1-TRAN,81726,ZONES,1,,,,
Recycle,16,GlossGenius,95394-1-GLOS,PENDING_CERTIFICATE,,10/31/2025,,MHP3M72391,,,,95394-1-1-GLOS,1228,ZONES,1,,,,
Recycle,16,NP Digital,96398-1-NPDI,CREATED,,11/06/2025,,PW014X5C,,,,96398-1-1-NPDI,100735,ZONES,1,,,,
Recycle,16,RSA Conference,96121-1-RSAC,CREATED,,11/05/2025,,GZ1WVH3,,,,96121-1-1-RSAC,44100,ZONES,1,,,,
Recycle,16,Mediasmith,96660-1-MEDI,CREATED,,11/07/2025,,LR09QDL3,,,,96660-1-1-MEDI,5800,ZONES,1,,,,
Recycle,16,NP Digital,96370-1-NPDI,CREATED,,11/06/2025,,FVFZ9B9NL40Y,,,,96370-1-1-NPDI,95274,ZONES,1,,,,
Resell,42,LucidLink,94264-1-LUCI,QUOTE_IN_PROGRESS,,10/27/2025,,RN9G25WRV7,,,,94264-1-1-LUCI,49809,ZONES,1,,,,
Resell,42,FreeWill,94746-1-FREE,CANCELED,,10/29/2025,,MH9NYPLV72,,,,94746-1-1-FREE,79828,ZONES,1,,,,
Resell,42,FreeWill,94753-1-FREE,QUOTE_IN_PROGRESS,,10/29/2025,,FVHHJ4QJQ6L4,Missing Charger,,,94753-1-1-FREE,70123,ZONES,1,,,,
Resell,42,go1,93953-1-GO1,QUOTE_IN_PROGRESS,,10/24/2025,,C4YQ7976HP,Missing Charger,,,93953-1-1-GO1,50911,ZONES,1,,,,
Resell,42,LucidLink,94262-1-LUCI,QUOTE_IN_PROGRESS,,10/27/2025,,FVFGV5S0Q05P,,,,94262-1-1-LUCI,73582,ZONES,1,,,,
Resell,42,Render,96471-1-REND,QUOTE_IN_PROGRESS,,11/06/2025,,FRJ2H12TPQ,Missing Charger,,,96471-1-1-REND,70181,ZONES,1,,,,
Resell,42,FreeWill,94750-1-FREE,QUOTE_IN_PROGRESS,,10/29/2025,,FVFHWFS5Q6L7,,,,94750-1-1-FREE,96881,ZONES,1,,,,
Resell,42,LucidLink,94258-1-LUCI,QUOTE_IN_PROGRESS,,10/27/2025,,GCXL6H54P0,,,,94258-1-1-LUCI,93007,ZONES,1,,,,
Resell,42,LucidLink,94263-1-LUCI,QUOTE_IN_PROGRESS,,10/27/2025,,C02G867CQ05F,,,,94263-1-1-LUCI,58418,ZONES,1,,,,
Resell,42,Second Nature,93015-1-SECO,QUOTE_IN_PROGRESS,,10/20/2025,,PF50YBPC,,,,93015-1-1-SECO,107474,ZONES,1,,,,
Resell,42,"EHouse Studio, LLC",94496-1-EHOU,QUOTE_IN_PROGRESS,,10/28/2025,,C02WF1GDHTD7,,,,94496-1-1-EHOU,99396,ZONES,1,,,,
Resell,42,InStride,95308-1-INST,QUOTE_IN_PROGRESS,,10/31/2025,,PF-3DM0BR,,,,95308-1-1-INST,91250,ZONES,1,,,,
Resell,42,Linktree,95058-1-LINK,QUOTE_IN_PROGRESS,,10/30/2025,,N9H14JWY7V,,,,95058-1-1-LINK,37326,ZONES,1,,,,
Resell,42,NP Digital,96373-1-NPDI,QUOTE_IN_PROGRESS,,11/06/2025,,PF34Q03D,,,,96373-1-1-NPDI,99110,ZONES,1,,,,
Resell,42,FreeWill,94745-1-FREE,QUOTE_IN_PROGRESS,,10/29/2025,,C17GG01FQ6L4,Missing Charger,,,94745-1-1-FREE,97008,ZONES,1,,,,
Resell,42,FreeWill,94752-1-FREE,QUOTE_IN_PROGRESS,,10/29/2025,,C02GXAYRQ6L7,,,,94752-1-1-FREE,93454,ZONES,1,,,,
Resell,42,Consensys,96045-1-CONS,QUOTE_IN_PROGRESS,,11/05/2025,,CQ2X9HW1JH,,,,96045-1-1-CONS,23194,ZONES,1,,,,
Resell,42,FreeWill,94749-1-FREE,QUOTE_IN_PROGRESS,,10/29/2025,,PT4K6DQ39T,,,,94749-1-1-FREE,67507,ZONES,1,,,,
Resell,42,FreeWill,94762-1-FREE,QUOTE_IN_PROGRESS,,10/29/2025,,FVFHC57XQ6L5,,,,94762-1-1-FREE,73756,ZONES,1,,,,
Resell,42,FreeWill,94761-1-FREE,QUOTE_IN_PROGRESS,,10/29/2025,,FVFJVFTE1WFV,,,,94761-1-1-FREE,64986,ZONES,1,,,,
Resell,42,Mangomint,95872-1-MANG,QUOTE_IN_PROGRESS,,11/04/2025,,GC65LWCD26,Missing Charger,,,95872-1-1-MANG,78952,ZONES,1,,,,
Resell,42,InStride,95312-1-INST,QUOTE_IN_PROGRESS,,10/31/2025,,KTY9LC22W7,Missing Charger,,,95312-1-1-INST,40115,ZONES,1,,,,
Resell,42,The Tour Guy,94985-1-THET,QUOTE_IN_PROGRESS,,10/30/2025,,N1N0CX12H72302B,,,,94985-1-1-THET,75810,ZONES,1,,,,
Resell,42,FreeWill,94747-1-FREE,QUOTE_IN_PROGRESS,,10/29/2025,,FVFFKBT7Q6L4,,,,94747-1-1-FREE,79151,ZONES,1,,,,
Resell,42,Mangomint,95873-1-MANG,QUOTE_IN_PROGRESS,,11/04/2025,,CFJJT601FL,Missing Charger,,,95873-1-1-MANG,71813,ZONES,1,,,,
Resell,42,CookUnity,94424-1-COOK,QUOTE_IN_PROGRESS,,10/28/2025,,C02D65TNML85,,,,94424-1-1-COOK,15230,ZONES,1,,,,
Resell,42,FreeWill,94758-1-FREE,QUOTE_IN_PROGRESS,,10/29/2025,,FNWYKY9L24,,,,94758-1-1-FREE,75139,ZONES,1,,,,
Resell,42,FreeWill,94748-1-FREE,CANCELED,,10/29/2025,,L9MK6L9W7N,,,,94748-1-1-FREE,58402,ZONES,1,,,,
Resell,42,LucidLink,94265-1-LUCI,QUOTE_IN_PROGRESS,,10/27/2025,,KPVGW0H714,Missing Charger,,,94265-1-1-LUCI,48208,ZONES,1,,,,
Resell,42,FreeWill,94755-1-FREE,QUOTE_IN_PROGRESS,,10/29/2025,,FVHH9ESXQ6L4,,,,94755-1-1-FREE,64987,ZONES,1,,,,
Resell,42,Mangomint,95868-1-MANG,QUOTE_IN_PROGRESS,,11/04/2025,,9YP9JPW7X,,,,95868-1-1-MANG,106615,ZONES,1,,,,
Resell,42,Mangomint,95871-1-MANG,QUOTE_IN_PROGRESS,,11/04/2025,,W6JFH4XF24,,,,95871-1-1-MANG,92149,ZONES,1,,,,
Resell,42,InStride,95306-1-INST,QUOTE_IN_PROGRESS,,10/31/2025,,PF-37X4QT,,,,95306-1-1-INST,60436,ZONES,1,,,,
Resell,42,Lillio,93021-1-LILL,QUOTE_IN_PROGRESS,,10/20/2025,,FVC62WPHPW,,,,93021-1-1-LILL,95371,ZONES,1,,,,
Resell,42,FreeWill,94760-1-FREE,CANCELED,,10/29/2025,,LFC7CHGPX7,Missing Charger,,,94760-1-1-FREE,60659,ZONES,1,,,,
Resell,42,FreeWill,94756-1-FREE,QUOTE_IN_PROGRESS,,10/29/2025,,C02GXGD0Q6L7,,,,94756-1-1-FREE,78114,ZONES,1,,,,
Resell,42,InStride,95310-1-INST,QUOTE_IN_PROGRESS,,10/31/2025,,H2X5GVFDH9,,,,95310-1-1-INST,82324,ZONES,1,,,,
Resell,42,Vercel,94525-1-VERC,QUOTE_IN_PROGRESS,,10/28/2025,,JVQKL6YYW9,,,,94525-1-1-VERC,100634,ZONES,1,,,,
Resell,42,Mangomint,95869-1-MANG,QUOTE_IN_PROGRESS,,11/04/2025,,G4GRY0W1HD,,,,95869-1-1-MANG,94263,ZONES,1,,,,
Resell,42,FreeWill,94751-1-FREE,QUOTE_IN_PROGRESS,,10/29/2025,,FVFH9GM6Q6L7,Missing Charger,,,94751-1-1-FREE,90058,ZONES,1,,,,
Resell,42,FreeWill,94757-1-FREE,QUOTE_IN_PROGRESS,,10/29/2025,,FVFH9LJ7Q6L7,,,,94757-1-1-FREE,64988,ZONES,1,,,,
Resell,42,LucidLink,94257-1-LUCI,QUOTE_IN_PROGRESS,,10/27/2025,,QJ2W6G7R6T,,,,94257-1-1-LUCI,79375,ZONES,1,,,,
Retrieval,402,Second Nature,96191-1-SECO,IN_FULFILLMENT,Standard,11/05/2025,11/09/2025,DL9HRVX3PQ,,United States,,96191-1-1-SECO,257678,ZONES,1,,,,
Retrieval,402,Ironclad,96722-1-IRON,IN_FULFILLMENT,Standard,11/08/2025,11/09/2025,M2542T43XY,,United States,,96722-1-1-IRON,264729,ZONES,1,,,,
Retrieval,402,MOTUS,95431-1-MOTU,IN_FULFILLMENT,Standard,10/31/2025,11/09/2025,,,United States,,95431-1-1-MOTU,262267,ZONES,1,,,,
Retrieval,402,InMotionHosting,96232-1-INMO,IN_FULFILLMENT,Standard,11/05/2025,11/09/2025,PF4DVQ9D,,United States,,96232-1-1-INMO,263506,ZONES,1,,,,
Retrieval,402,Calendly,96633-1-CALE,IN_FULFILLMENT,Standard,11/07/2025,11/09/2025,H5FWQ91Y46,,United States,,96633-1-1-CALE,50403,ZONES,1,,,,
Retrieval,402,DataStax,96413-1-DATA,IN_FULFILLMENT,Standard,11/06/2025,11/08/2025,D6J8C24,,United States,,96413-1-1-DATA,228170,ZONES,1,,,,
Retrieval,402,Weights and Biases,95948-1-WEIG,IN_FULFILLMENT,Standard,11/04/2025,11/08/2025,KWMX1V7D6V,,United States,,95948-1-1-WEIG,263311,ZONES,1,,,,
Retrieval,402,Just Appraised,95966-1-JUST,IN_FULFILLMENT,Standard,11/04/2025,11/08/2025,HVQ9RL272K,,United States,,95966-1-1-JUST,99272,ZONES,1,,,,
Retrieval,402,InMotionHosting,96405-1-INMO,IN_FULFILLMENT,Standard,11/06/2025,11/08/2025,MJ0FPK9Y,,United States,,96405-1-1-INMO,263799,ZONES,1,,,,
Retrieval,402,dbt,96702-1-DBT,IN_FULFILLMENT,Standard,11/07/2025,11/08/2025,CWRV4L5XWQ,,United States,,96702-1-1-DBT,57230,ZONES,1,,,,
Retrieval,402,NP Digital,96730-1-NPDI,IN_FULFILLMENT,Standard,11/08/2025,11/08/2025,PF11QXM4,,United States,,96730-1-1-NPDI,264751,ZONES,1,,,,
Retrieval,402,Ollie,96336-1-OLLI,IN_FULFILLMENT,Standard,11/06/2025,11/08/2025,,,United States,,96336-1-1-OLLI,263759,ZONES,1,,,,
Retrieval,402,Hex Technologies,96727-1-HEXT,IN_FULFILLMENT,Standard,11/08/2025,11/08/2025,W7J6CJ4M47,,United States,,96727-1-1-HEXT,58256,ZONES,1,,,,
Retrieval,402,Deputy,96717-1-DEPU,IN_FULFILLMENT,Standard,11/08/2025,11/08/2025,LW7R6NNXXQ,,United States,,96717-1-1-DEPU,264720,ZONES,1,,,,
Retrieval,402,Ironclad,96721-1-IRON,IN_FULFILLMENT,Standard,11/08/2025,11/08/2025,T59V6P04LC,,United States,,96721-1-1-IRON,264728,ZONES,1,,,,
Retrieval,402,Graphite Financial,96669-1-GRAP,IN_FULFILLMENT,Standard,11/07/2025,11/08/2025,85G0LY3,,United States,,96669-1-1-GRAP,262536,ZONES,1,,,,
Retrieval,402,Unite Us,96709-1-UNIT,IN_FULFILLMENT,Standard,11/07/2025,11/07/2025,C02FQ0G0Q05N,,United States,,96709-1-1-UNIT,26931,ZONES,1,,,,
Retrieval,402,Mill,96715-1-MILL,IN_FULFILLMENT,Standard,11/07/2025,11/07/2025,DL21FF7YLW,,United States,,96715-1-1-MILL,50574,ZONES,1,,,,
Retrieval,402,Unite Us,96712-1-UNIT,IN_FULFILLMENT,Standard,11/07/2025,11/07/2025,FVFGN3YPQ05N,,United States,,96712-1-1-UNIT,27076,ZONES,1,,,,
Retrieval,402,Annexus Health,96695-1-ANNE,IN_FULFILLMENT,Standard,11/07/2025,11/07/2025,5QPWHW3,,United States,,96695-1-1-ANNE,12948,ZONES,1,,,,
Retrieval,402,MOTUS,95676-1-MOTU,IN_FULFILLMENT,Standard,11/03/2025,11/07/2025,9NJDGD4,,United States,,95676-1-1-MOTU,255779,ZONES,1,,,,
Retrieval,402,Divurgent,95678-1-DIVU,IN_FULFILLMENT,Standard,11/03/2025,11/07/2025,,,United States,,95678-1-3-DIVU,,ZONES,2,,,,
Retrieval,402,Clarvos,96710-1-CLAR,IN_FULFILLMENT,2 Day,11/07/2025,11/07/2025,C9NXGQY6MP,,United States,,96710-1-1-CLAR,59707,ZONES,1,,,,
Retrieval,402,Forbes ADVISOR,96700-1-FORB,IN_FULFILLMENT,Standard,11/07/2025,11/07/2025,PF5H931Q,,United States,,96700-1-1-FORB,91787,ZONES,1,,,,
Retrieval,402,Socure,96691-1-SOCU,IN_FULFILLMENT,Standard,11/07/2025,11/07/2025,L60VFHWW4G,,United States,,96691-1-1-SOCU,264695,ZONES,1,,,,
Retrieval,402,InMotionHosting,96246-1-INMO,IN_FULFILLMENT,Standard,11/05/2025,11/07/2025,MJ0F7KPC,,United States,,96246-1-1-INMO,263512,ZONES,1,,,,
Retrieval,402,Vercel,92917-1-VERC,IN_FULFILLMENT,Standard,10/17/2025,11/07/2025,FQPW1M6YMR,,United States,,92917-1-1-VERC,259324,ZONES,1,,,,
Retrieval,402,Enterprise DB,96692-1-ENTE,IN_FULFILLMENT,Standard,11/07/2025,11/07/2025,J46JWFHVGF,,United States,,96692-1-1-ENTE,264699,ZONES,1,,,,
Retrieval,402,SIMSPACE,96624-1-SIMS,IN_FULFILLMENT,2 Day,11/07/2025,11/07/2025,7S694M3,,United States,,96624-1-3-SIMS,,ZONES,2,,,,
Retrieval,402,Unite Us,96565-1-UNIT,IN_FULFILLMENT,Standard,11/07/2025,11/07/2025,C02FP38NQ05N,,United States,,96565-1-1-UNIT,27175,ZONES,1,,,,
Retrieval,402,Simulations Plus,96674-1-SIMU,IN_FULFILLMENT,Standard,11/07/2025,11/07/2025,JSRL203,,United States,,96674-1-1-SIMU,264682,ZONES,1,,,,
Retrieval,402,Vercel,96663-1-VERC,IN_FULFILLMENT,Standard,11/07/2025,11/07/2025,0F0005D23233FB,,United States,,96663-1-1-VERC,10137,ZONES,1,,,,
Retrieval,402,Horizon3.ai,96561-1-HORI,IN_FULFILLMENT,2 Day,11/07/2025,11/07/2025,L7L9FC2DW2,,United States,,96561-1-1-HORI,91509,ZONES,1,,,,
Retrieval,402,Socure,96305-1-SOCU,IN_FULFILLMENT,Standard,11/05/2025,11/07/2025,C4606VGKPN,,United States,,96305-1-1-SOCU,263539,ZONES,1,,,,
Retrieval,402,Calendly,96662-1-CALE,IN_FULFILLMENT,Standard,11/07/2025,11/07/2025,MQ07K6THMF,,United States,,96662-1-1-CALE,79829,ZONES,1,,,,
Retrieval,402,Epic Staffing Group,96644-1-EPIC,IN_FULFILLMENT,Standard,11/07/2025,11/07/2025,4KFQY04,,United States,,96644-1-1-EPIC,62282,ZONES,1,,,,
Retrieval,402,ABC Legal Services,96640-1-ABCL,IN_FULFILLMENT,Standard,11/07/2025,11/07/2025,GD9JL94,,United States,,96640-1-1-ABCL,264116,ZONES,1,,,,
Retrieval,402,Valera Health,96578-1-VALE,IN_FULFILLMENT,Standard,11/07/2025,11/07/2025,PF5BD2RN,,United States,,96578-1-1-VALE,263243,ZONES,1,,,,
Retrieval,402,TNTP,96627-1-TNTP,IN_FULFILLMENT,Standard,11/07/2025,11/07/2025,,,United States,,96627-1-1-TNTP,264103,ZONES,1,,,,
Retrieval,402,Escalon,96626-1-ESCA,IN_FULFILLMENT,Standard,11/07/2025,11/07/2025,PF5HZGEK,,United States,,96626-1-1-ESCA,177304,ZONES,1,,,,
Retrieval,402,Unite Us,95550-1-UNIT,IN_FULFILLMENT,Standard,11/03/2025,11/07/2025,C02FP3EJQ05N,,United States,,95550-1-1-UNIT,26868,ZONES,1,,,,
Retrieval,402,Mangomint,96623-1-MANG,IN_FULFILLMENT,Standard,11/07/2025,11/07/2025,,,United States,,96623-1-1-MANG,264097,ZONES,1,,,,
Retrieval,402,Found,96202-1-FOUN,IN_FULFILLMENT,Standard,11/05/2025,11/07/2025,J6TT21493M,,United States,,96202-1-1-FOUN,75732,ZONES,1,,,,
Retrieval,402,Pomelo Care,96212-1-POME,IN_FULFILLMENT,Standard,11/05/2025,11/07/2025,FDJHFKX4RC,,United States,,96212-1-1-POME,79913,ZONES,1,,,,
Retrieval,402,George Clinical,96592-1-GEOR,IN_FULFILLMENT,Standard,11/07/2025,11/07/2025,,,United States,,96592-1-5-GEOR,,ZONES,3,,,,
Retrieval,402,Unite Us,95551-1-UNIT,IN_FULFILLMENT,Standard,11/03/2025,11/07/2025,C02FQ0FEQ05N,,United States,,95551-1-1-UNIT,26754,ZONES,1,,,,
Retrieval,402,MANTL,96587-1-MANT,IN_FULFILLMENT,Standard,11/07/2025,11/07/2025,NQ24173WMF,,United States,,96587-1-1-MANT,37158,ZONES,1,,,,
Retrieval,402,Primer,96580-1-PRIM,IN_FULFILLMENT,Standard,11/07/2025,11/07/2025,,,United States,,96580-1-1-PRIM,263930,ZONES,1,,,,
Retrieval,402,Clutch,96571-1-CLUT,IN_FULFILLMENT,Standard,11/07/2025,11/07/2025,,,United States,,96571-1-3-CLUT,,ZONES,2,,,,
Retrieval,402,CaptivateIQ,96566-1-CAPT,IN_FULFILLMENT,Standard,11/07/2025,11/07/2025,C02FD7LWQ05N,,United States,,96566-1-1-CAPT,78951,ZONES,1,,,,
Retrieval,402,Divurgent,96563-1-DIVU,IN_FULFILLMENT,Standard,11/07/2025,11/07/2025,3633614557,,United States,,96563-1-1-DIVU,81067,ZONES,1,,,,
Retrieval,402,NP Digital,96559-1-NPDI,IN_FULFILLMENT,Standard,11/07/2025,11/07/2025,PW00ZD8F,,United States,,96559-1-1-NPDI,263886,ZONES,1,,,,
Retrieval,402,Second Nature,96552-1-SECO,IN_FULFILLMENT,Standard,11/07/2025,11/07/2025,FVW5FJF2PX,,United States,,96552-1-1-SECO,258158,ZONES,1,,,,
Retrieval,402,CloudZero,96548-1-CLOU,IN_FULFILLMENT,Standard,11/07/2025,11/07/2025,KC0YX6LD73,,United States,,96548-1-1-CLOU,90530,ZONES,1,,,,
Retrieval,402,CloudZero,96547-1-CLOU,IN_FULFILLMENT,Standard,11/07/2025,11/07/2025,JHM43TDLX9,,United States,,96547-1-1-CLOU,91293,ZONES,1,,,,
Retrieval,402,Uberall,96544-1-UBER,IN_FULFILLMENT,Standard,11/07/2025,11/07/2025,MKC7179193,,United States,,96544-1-1-UBER,66879,ZONES,1,,,,
Retrieval,402,Maropost,96537-1-MARO,IN_FULFILLMENT,Standard,11/07/2025,11/07/2025,DN21CMHQWH,,United States,,96537-1-1-MARO,64828,ZONES,1,,,,
Retrieval,402,The Trevor Project,96459-1-THET,IN_FULFILLMENT,Standard,11/06/2025,11/07/2025,C02FC1VBML7L,,United States,,96459-1-1-THET,78604,ZONES,1,,,,
Retrieval,402,Finalsite,95926-1-FINA,IN_FULFILLMENT,Standard,11/04/2025,11/07/2025,R90WAD46,,United States,,95926-1-1-FINA,46312,ZONES,1,,,,
Retrieval,402,The Trevor Project,96463-1-THET,IN_FULFILLMENT,Standard,11/06/2025,11/06/2025,C02C97VLLVDL,,United States,,96463-1-1-THET,78710,ZONES,1,,,,
Retrieval,402,GlossGenius,95912-1-GLOS,IN_FULFILLMENT,Standard,11/04/2025,11/06/2025,CQGJYW4C2M,,United States,,95912-1-1-GLOS,102547,ZONES,1,,,,
Retrieval,402,dbt,96492-1-DBT,IN_FULFILLMENT,Standard,11/06/2025,11/06/2025,C6MY3R27F3,,United States,,96492-1-1-DBT,36651,ZONES,1,,,,
Retrieval,402,Just Appraised,95965-1-JUST,IN_FULFILLMENT,Standard,11/04/2025,11/06/2025,H3Q9Q5TL5X,,United States,,95965-1-1-JUST,69808,ZONES,1,,,,
Retrieval,402,Ollie,95993-1-OLLI,IN_FULFILLMENT,Standard,11/04/2025,11/06/2025,KC2KLQK367,,United States,,95993-1-1-OLLI,263346,ZONES,1,,,,
Retrieval,402,TIA INC,96516-1-TIAI,IN_FULFILLMENT,Standard,11/06/2025,11/06/2025,,,United States,,96516-1-1-TIAI,110722,ZONES,1,,,,
Retrieval,402,Bettercloud,96508-1-BETT,IN_FULFILLMENT,Standard,11/06/2025,11/06/2025,C02DX5G4MD6R,,United States,,96508-1-1-BETT,15596,ZONES,1,,,,
Retrieval,402,InMotionHosting,95919-1-INMO,IN_FULFILLMENT,Standard,11/04/2025,11/06/2025,MZ00Q2T5,,United States,,95919-1-1-INMO,263276,ZONES,1,,,,
Retrieval,402,The Trevor Project,96461-1-THET,IN_FULFILLMENT,Standard,11/06/2025,11/06/2025,C02C97VXLVDL,,United States,,96461-1-1-THET,78700,ZONES,1,,,,
Retrieval,402,Spark,96506-1-SPAR,IN_FULFILLMENT,Standard,11/06/2025,11/06/2025,LP64N7M64W,,United States,,96506-1-1-SPAR,67118,ZONES,1,,,,
Retrieval,402,Spark,96507-1-SPAR,IN_FULFILLMENT,Standard,11/06/2025,11/06/2025,HP27V6GGYX,,United States,,96507-1-1-SPAR,65224,ZONES,1,,,,
Retrieval,402,Valiantys,96291-1-VALI,IN_FULFILLMENT,Standard,11/05/2025,11/06/2025,5CG3380LZW,,United States,,96291-1-1-VALI,263531,ZONES,1,,,,
Retrieval,402,Renovo Financial,96503-1-RENO,IN_FULFILLMENT,Standard,11/06/2025,11/06/2025,,,United States,,96503-1-1-RENO,263857,ZONES,1,,,,
Retrieval,402,Streamline Health,95239-1-STRE,IN_FULFILLMENT,Standard,10/31/2025,11/06/2025,3HB5ND3,,United States,,95239-1-1-STRE,18730,ZONES,1,,,,
Retrieval,402,Second Nature,96446-1-SECO,IN_FULFILLMENT,Standard,11/06/2025,11/06/2025,PF5398MG,,United States,,96446-1-1-SECO,79685,ZONES,1,,,,
Retrieval,402,Unite Us,96442-1-UNIT,IN_FULFILLMENT,Standard,11/06/2025,11/06/2025,CJVXPXFH21,,United States,,96442-1-1-UNIT,49577,ZONES,1,,,,
Retrieval,402,AuditBoard,96418-1-AUDI,IN_FULFILLMENT,Standard,11/06/2025,11/06/2025,R19CVAQ,,United States,,96418-1-1-AUDI,263809,ZONES,1,,,,
Retrieval,402,petvisor,96432-1-PETV,IN_FULFILLMENT,Standard,11/06/2025,11/06/2025,DVJ3JKP674,,United States,,96432-1-1-PETV,32622,ZONES,1,,,,
Retrieval,402,petvisor,96431-1-PETV,IN_FULFILLMENT,Standard,11/06/2025,11/06/2025,PF4Z0835,,United States,,96431-1-1-PETV,32611,ZONES,1,,,,
Retrieval,402,MOTUS,96426-1-MOTU,IN_FULFILLMENT,Standard,11/06/2025,11/06/2025,C02X64SEJG5H,,United States,,96426-1-1-MOTU,106890,ZONES,1,,,,
Retrieval,402,ClassDojo,96428-1-CLAS,IN_FULFILLMENT,Standard,11/06/2025,11/06/2025,HH79DH5K4V,,United States,,96428-1-1-CLAS,56983,ZONES,1,,,,
Retrieval,402,ARMRA,95859-1-ARMR,IN_FULFILLMENT,Standard,11/04/2025,11/06/2025,DJHL2P02WN,,United States,,95859-1-1-ARMR,27291,ZONES,1,,,,
Retrieval,402,MOTUS,96384-1-MOTU,IN_FULFILLMENT,Standard,11/06/2025,11/06/2025,QV0V27366D,,United States,,96384-1-1-MOTU,106944,ZONES,1,,,,
Retrieval,402,Verifiable,96320-1-VERI,IN_FULFILLMENT,Standard,11/05/2025,11/06/2025,H9NXNHT9D0,,United States,,96320-1-1-VERI,28403,ZONES,1,,,,
Retrieval,402,Second Nature,96304-1-SECO,SHIPPED,Standard,11/05/2025,11/06/2025,FJ23XLXTL5,,United States,885819744098,96304-1-1-SECO,255995,ZONES,1,2025-11-07 10:54:08,,,
Retrieval,402,Second Nature,96195-1-SECO,PENDING_RETURN,Standard,11/05/2025,11/06/2025,FVFHN0KYQ6LX,,United States,885815568988,96195-1-1-SECO,79704,ZONES,1,2025-11-07 10:54:07,,2025-11-08 15:58:53,
Retrieval,402,smg,96340-1-SMG,PENDING_RETURN,Standard,11/06/2025,11/06/2025,HFZ9GB4,,United States,885819280655,96340-1-1-SMG,263770,ZONES,1,2025-11-07 10:54:09,,2025-11-08 14:10:10,
Retrieval,402,Lumivero,96350-1-LUMI,PENDING_RETURN,Standard,11/06/2025,11/06/2025,PF4RDP51,,United States,885819147024,96350-1-1-LUMI,263785,ZONES,1,2025-11-07 10:54:10,,2025-11-08 12:08:49,
Retrieval,402,InterWell Health,96341-1-INTE,IN_FULFILLMENT,Standard,11/06/2025,11/06/2025,,,United States,885819599294,96341-1-5-INTE,,ZONES,3,,,,
Retrieval,402,Kneat,96339-1-KNEA,IN_FULFILLMENT,Standard,11/06/2025,11/06/2025,CP479K3,,United States,,96339-1-1-KNEA,53497,ZONES,1,,,,
Retrieval,402,Biofourmis,94957-1-BIOF,IN_FULFILLMENT,Standard,10/30/2025,11/06/2025,FVFHC4MRQ6L4,,United States,,94957-1-1-BIOF,90363,ZONES,1,,,,
Retrieval,402,InMotionHosting,95400-1-INMO,IN_FULFILLMENT,Standard,10/31/2025,11/06/2025,MZ020K74,,United States,,95400-1-1-INMO,262251,ZONES,1,,,,
Retrieval,402,Socure,96307-1-SOCU,IN_FULFILLMENT,Standard,11/05/2025,11/06/2025,H793W02GHJ,,United States,,96307-1-1-SOCU,263541,ZONES,1,,,,
Retrieval,402,Vida Health,96329-1-VIDA,IN_FULFILLMENT,Standard,11/06/2025,11/06/2025,D2JN69XG5V,,United States,,96329-1-1-VIDA,263754,ZONES,1,,,,
Retrieval,402,Vida Health,96327-1-VIDA,IN_FULFILLMENT,Standard,11/06/2025,11/06/2025,MV905P66HR,,United States,,96327-1-1-VIDA,263753,ZONES,1,,,,
Retrieval,402,Second Nature,96187-1-SECO,PENDING_RETURN,Standard,11/05/2025,11/06/2025,C2G04Q4VC3,,United States,8857 9559 4832,96187-1-1-SECO,79696,ZONES,1,2025-11-06 23:06:08,,2025-11-08 15:51:30,
Retrieval,402,Unite Us,96319-1-UNIT,SHIPPED,Standard,11/05/2025,11/05/2025,C02FR51WQ05N,,United States,885795618811,96319-1-1-UNIT,27165,ZONES,1,2025-11-06 23:06:08,,,
Retrieval,402,Vanta,95807-1-VANT,SHIPPED,2 Day,11/04/2025,11/05/2025,K6PFWQ76VM,,United States,885795502132,95807-1-1-VANT,45398,ZONES,1,2025-11-06 23:06:09,,,
Retrieval,402,Socure,96313-1-SOCU,SHIPPED,Standard,11/05/2025,11/05/2025,C02GX7UEQ05F,,United States,8857 9510 4580,96313-1-1-SOCU,263543,ZONES,1,2025-11-06 23:07:06,,,
Retrieval,402,Biofourmis,95111-1-BIOF,SHIPPED,Standard,10/30/2025,11/05/2025,C02GL2M3Q6LC,,United States,8857 9507 3543,95111-1-1-BIOF,90427,ZONES,1,2025-11-06 23:07:07,,,
Retrieval,402,Vercel,96306-1-VERC,SHIPPED,Standard,11/05/2025,11/05/2025,J6MHNW47YD,,United States,8857 9489 2246,96306-1-1-VERC,263540,ZONES,1,2025-11-06 23:08:06,,,
Retrieval,402,InMotionHosting,96241-1-INMO,SHIPPED,Standard,11/05/2025,11/05/2025,HT70V4CFYY,,United States,8857 9486 5676,96241-1-1-INMO,263509,ZONES,1,2025-11-06 23:08:07,,,
Retrieval,402,Syndio,96302-1-SYND,PENDING_RETURN,Standard,11/05/2025,11/05/2025,HH9656F6H9,,United States,8857 9483 9451,96302-1-1-SYND,91973,ZONES,1,2025-11-06 23:08:07,,2025-11-09 12:48:28,
Retrieval,402,Sisense,96303-1-SISE,SHIPPED,Standard,11/05/2025,11/05/2025,PF4BYA9D,,United States,8857 9481 3186,96303-1-1-SISE,261971,ZONES,1,2025-11-06 23:09:07,,,
Retrieval,402,Clio,95205-1-CLIO,SHIPPED,Standard,10/30/2025,11/05/2025,XYLXN66G20,,United States,8857 9478 4510,95205-1-1-CLIO,261866,ZONES,1,2025-11-06 23:09:07,,,
Retrieval,402,MANTL,96199-1-MANT,SHIPPED,Standard,11/05/2025,11/05/2025,C02FJ28KMD6M,,United States,8857 9422 4360,96199-1-1-MANT,37132,ZONES,1,2025-11-06 23:09:08,,,
Retrieval,402,ABC Legal Services,94372-1-ABCL,SHIPPED,Standard,10/27/2025,11/05/2025,,,United States,8857 9433 1354,94372-1-1-ABCL,107870,ZONES,1,2025-11-06 23:09:09,,,
Retrieval,402,DietitianLive.com,96284-1-DIET,PENDING_RETURN,Standard,11/05/2025,11/05/2025,K6G6LRR2R7,,United States,8857 9436 2607,96284-1-1-DIET,28689,ZONES,1,2025-11-06 23:43:18,,2025-11-09 13:16:18,
Retrieval,402,Salesloft,96270-1-SALE,PENDING_RETURN,Standard,11/05/2025,11/05/2025,FVFGW3K2Q05N,,United States,8857 9442 4789,96270-1-1-SALE,54446,ZONES,1,2025-11-06 23:10:06,,2025-11-08 11:49:14,
Retrieval,402,Unite Us,96258-1-UNIT,PENDING_RETURN,Standard,11/05/2025,11/05/2025,C02FF4V0Q05N,,United States,8857 9446 0310,96258-1-1-UNIT,27062,ZONES,1,2025-11-06 23:10:07,,2025-11-08 15:50:58,
Retrieval,402,petvisor,96269-1-PETV,SHIPPED,Standard,11/05/2025,11/05/2025,JY0WYJ4H4T,,United States,8857 9467 9092,96269-1-1-PETV,96491,ZONES,1,2025-11-06 23:10:08,,,
Retrieval,402,InMotionHosting,96253-1-INMO,PENDING_RETURN,Standard,11/05/2025,11/05/2025,MJ0DPSQK,,United States,8857 9471 5933,96253-1-1-INMO,263517,ZONES,1,2025-11-06 23:10:09,,2025-11-08 12:52:14,
Retrieval,402,SEON,95812-1-SEON,SHIPPED,Standard,11/04/2025,11/05/2025,J6QX6P6P4W,,United States,8857 9499 0095,95812-1-1-SEON,19336,ZONES,1,2025-11-06 23:10:10,,,
Retrieval,402,go1,96220-1-GO1,IN_FULFILLMENT,Standard,11/05/2025,11/05/2025,FVFHP2G6Q6LR,,United States,,96220-1-1-GO1,50840,ZONES,1,,,,
Retrieval,402,InMotionHosting,96255-1-INMO,SHIPPED,Standard,11/05/2025,11/05/2025,MJ0FKPTC,,United States,885794661150,96255-1-1-INMO,263518,ZONES,1,2025-11-06 23:11:06,,,
Retrieval,402,ABC Legal Services,95092-1-ABCL,PENDING_RETURN,Standard,10/30/2025,11/05/2025,,,United States,885795077148,95092-1-1-ABCL,261836,ZONES,1,2025-11-06 23:11:06,,2025-11-08 12:51:23,
Retrieval,402,Render,96214-1-REND,PENDING_RETURN,Standard,11/05/2025,11/05/2025,M6P5X4JYY7,,United States,885795018182,96214-1-1-REND,97552,ZONES,1,2025-11-06 23:11:07,,2025-11-08 13:03:36,
Retrieval,402,Nonstop Administration and Insurance Services,96252-1-NONS,SHIPPED,Standard,11/05/2025,11/05/2025,GRYG4K04G2,,United States,885794893805,96252-1-1-NONS,57422,ZONES,1,2025-11-06 23:11:08,,,
Retrieval,402,InMotionHosting,96250-1-INMO,SHIPPED,Standard,11/05/2025,11/05/2025,MJ0F7KNC,,United States,885794828914,96250-1-1-INMO,263515,ZONES,1,2025-11-06 23:41:24,,,
Retrieval,402,InMotionHosting,96243-1-INMO,PENDING_RETURN,Standard,11/05/2025,11/05/2025,PF3P33LE,,United States,885794774873,96243-1-1-INMO,263510,ZONES,1,2025-11-06 23:12:06,,,
Retrieval,402,Orion First,96229-1-ORIO,PENDING_RETURN,Standard,11/05/2025,11/05/2025,PF4SW374,,United States,885792155846,96229-1-1-ORIO,71388,ZONES,1,2025-11-06 23:12:07,,2025-11-08 12:46:34,
Retrieval,402,Vanta,95805-1-VANT,SHIPPED,Standard,11/04/2025,11/05/2025,H3WLX2H2L1,,United States,885792309110,95805-1-1-VANT,33895,ZONES,1,2025-11-06 19:03:07,,,
Retrieval,402,Vercel,96227-1-VERC,SHIPPED,Standard,11/05/2025,11/05/2025,HKV02Q3V4V,,United States,885792461379,96227-1-1-VERC,263497,ZONES,1,2025-11-06 23:12:08,,,
Retrieval,402,Unstructured,96225-1-UNST,SHIPPED,Standard,11/05/2025,11/05/2025,GVVVQ9RH02,,United States,885794159557,96225-1-1-UNST,263495,ZONES,1,2025-11-06 19:03:06,,,
Retrieval,402,Second Nature,96186-1-SECO,PENDING_RETURN,Standard,11/05/2025,11/05/2025,J96FQQYH2J,,United States,885794245325,96186-1-1-SECO,256213,ZONES,1,2025-11-06 19:04:07,,2025-11-08 11:25:07,
Retrieval,402,DroneDeploy,96057-1-DRON,SHIPPED,Standard,11/05/2025,11/05/2025,,,United States,885794342190,96057-1-3-DRON,,ZONES,2,2025-11-06 20:42:20,,,
Retrieval,402,SIMSPACE,96217-1-SIMS,PENDING_RETURN,Standard,11/05/2025,11/05/2025,,,United States,8857 9218 3103,96217-1-3-SIMS,,ZONES,2,2025-11-06 23:12:10,,2025-11-08 12:53:31,
Retrieval,402,Homebot,96219-1-HOME,SHIPPED,Standard,11/05/2025,11/05/2025,C02CV4MNMD6P,,United States,8857 9125 1674,96219-1-1-HOME,263490,ZONES,1,2025-11-06 19:04:09,,,
Retrieval,402,Pomelo Care,96209-1-POME,SHIPPED,Standard,11/05/2025,11/05/2025,JFRVVPV9LY,,United States,8857 9116 1087,96209-1-1-POME,41894,ZONES,1,2025-11-06 19:13:19,,,
Retrieval,402,Second Nature,96190-1-SECO,SHIPPED,Standard,11/05/2025,11/05/2025,D3CFJ1K3HK,,United States,8857 9109 0209,96190-1-1-SECO,79709,ZONES,1,2025-11-06 19:21:19,,,
Retrieval,402,DTEX Systems,96048-1-DTEX,SHIPPED,Standard,11/05/2025,11/05/2025,,,United States,8857 9097 9511,96048-1-1-DTEX,263383,ZONES,1,2025-11-06 19:25:14,,,
Retrieval,402,Second Nature,96188-1-SECO,PENDING_RETURN,Standard,11/05/2025,11/05/2025,K91Y9NCWXQ,,United States,8857 9087 8188,96188-1-1-SECO,79750,ZONES,1,2025-11-06 19:11:17,,2025-11-07 13:20:40,
Retrieval,402,MOTUS,95759-1-MOTU,SHIPPED,Standard,11/03/2025,11/05/2025,CG9XSW3,,United States,8857 9079 5590,95759-1-1-MOTU,70954,ZONES,1,2025-11-06 19:26:20,,,
Retrieval,402,Simulations Plus,96201-1-SIMU,SHIPPED,Standard,11/05/2025,11/05/2025,,,United States,8857 9067 0711,96201-1-1-SIMU,263450,ZONES,1,2025-11-06 19:09:18,,,
Retrieval,402,Second Nature,96194-1-SECO,SHIPPED,Standard,11/05/2025,11/05/2025,JD939VCJ64,,United States,885786977549,96194-1-1-SECO,255991,ZONES,1,2025-11-06 19:09:20,,,
Retrieval,402,MANTL,96197-1-MANT,SHIPPED,Standard,11/05/2025,11/05/2025,JH7DWJMXQL,,United States,885787182174,96197-1-1-MANT,37141,ZONES,1,2025-11-06 19:11:19,,,
Retrieval,402,MANTL,96183-1-MANT,PENDING_RETURN,Standard,11/05/2025,11/05/2025,C02DM8L2MD6M,,United States,8857 8701 9971,96183-1-1-MANT,74909,ZONES,1,2025-11-06 19:14:17,,2025-11-08 14:16:21,
Retrieval,402,MANTL,96181-1-MANT,PENDING_RETURN,Standard,11/05/2025,11/05/2025,WL0JFF46K7,,United States,8857 8690 7211,96181-1-1-MANT,37209,ZONES,1,2025-11-06 19:19:16,,2025-11-09 14:20:28,
Retrieval,402,Modern Campus,95834-1-MODE,SHIPPED,Standard,11/04/2025,11/05/2025,DV1CY74,,United States,885786093632,95834-1-1-MODE,65206,ZONES,1,2025-11-06 19:17:28,,,
Retrieval,402,Muck Rack,95929-1-MUCK,SHIPPED,Standard,11/04/2025,11/05/2025,HQ6096GGKL,,United States,885786311387,95929-1-1-MUCK,77745,ZONES,1,2025-11-06 19:24:17,,,
Retrieval,402,Finalsite,96144-1-FINA,SHIPPED,Standard,11/05/2025,11/05/2025,,,United States,885786608312,96144-1-1-FINA,263429,ZONES,1,2025-11-06 19:14:28,,,
Retrieval,402,Gradle,95196-1-GRAD,PENDING_RETURN,Standard,10/30/2025,11/05/2025,Q4Q0HC7K6M,,United States,885786798037,95196-1-1-GRAD,39274,ZONES,1,2025-11-06 19:23:16,,2025-11-08 15:24:17,
Retrieval,402,Prescient Security,96127-1-PRES,PENDING_RETURN,Standard,11/05/2025,11/05/2025,,,United States,8857 8670 9815,96127-1-3-PRES,,ZONES,2,2025-11-06 23:14:08,,2025-11-09 10:47:18,
Retrieval,402,Epic Staffing Group,96159-1-EPIC,SHIPPED,Standard,11/05/2025,11/05/2025,DNHMG63,,United States,8857 8642 0936,96159-1-1-EPIC,62294,ZONES,1,2025-11-06 19:15:21,,,
Retrieval,402,DFINITY,93800-1-DFIN,SHIPPED,Standard,10/24/2025,11/05/2025,C02DW86PMD6M,,United States,8857 8633 7755,93800-1-1-DFIN,260590,ZONES,1,2025-11-06 19:26:20,,,
Retrieval,402,Popmenu,96152-1-POPM,SHIPPED,Standard,11/05/2025,11/05/2025,V6QJJQGKXJ,,United States,8857 8657 7949,96152-1-1-POPM,263434,ZONES,1,2025-11-06 19:14:18,,,
Retrieval,402,Muck Rack,95887-1-MUCK,PENDING_RETURN,Standard,11/04/2025,11/05/2025,FVFJV0LQ1WGC,,United States,8857 8614 8492,95887-1-1-MUCK,73860,ZONES,1,2025-11-06 19:12:22,,2025-11-08 16:14:30,
Retrieval,402,TransfrVR,96126-1-TRAN,SHIPPED,Standard,11/05/2025,11/05/2025,JCFVM7HX42,,United States,8857 8606 3938,96126-1-1-TRAN,255722,ZONES,1,2025-11-06 19:23:23,,,
Retrieval,402,Biofourmis,95831-1-BIOF,SHIPPED,Standard,11/04/2025,11/05/2025,,,United States,8857 8593 1665,95831-1-1-BIOF,263215,ZONES,1,2025-11-06 19:10:18,,,
Retrieval,402,Ironclad,95468-1-IRON,SHIPPED,Standard,11/01/2025,11/05/2025,VW7P2LR9R9,,United States,8857 8584 6003,95468-1-1-IRON,262306,ZONES,1,2025-11-06 19:16:18,,,
Retrieval,402,Checkout.com,94949-1-CHEC,SHIPPED,Standard,10/30/2025,11/05/2025,J9N9CL3,,United States,8857 8577 4000,94949-1-1-CHEC,261762,ZONES,1,2025-11-06 19:15:20,,,
Retrieval,402,ActiveFence,96099-1-ACTI,PENDING_RETURN,Standard,11/05/2025,11/05/2025,K7X7L476WG,,United States,8857 8568 0610,96099-1-1-ACTI,263416,ZONES,1,2025-11-06 19:18:18,,2025-11-09 14:20:11,
Retrieval,402,Mill,96063-1-MILL,SHIPPED,Standard,11/05/2025,11/05/2025,K05405YKDW,,United States,8857 8557 5733,96063-1-1-MILL,70034,ZONES,1,2025-11-06 19:22:18,,,
Retrieval,402,Actionstep Inc,96054-1-ACTI,SHIPPED,Standard,11/05/2025,11/05/2025,GM0SKF53,,United States,8857 8549 3166,96054-1-1-ACTI,263393,ZONES,1,2025-11-06 19:21:20,,,
Retrieval,402,Muck Rack,96056-1-MUCK,PENDING_RETURN,Standard,11/05/2025,11/05/2025,D6P76T25YJ,,United States,8857 8532 5803,96056-1-1-MUCK,74535,ZONES,1,2025-11-06 19:18:17,,2025-11-08 14:19:31,
Retrieval,402,Vida Health,96050-1-VIDA,PENDING_RETURN,Standard,11/05/2025,11/05/2025,D37MR75WP6,,United States,8857 8517 5478,96050-1-1-VIDA,263386,ZONES,1,2025-11-06 19:19:15,,2025-11-07 11:19:42,
Retrieval,402,Vida Health,96049-1-VIDA,PENDING_RETURN,Standard,11/05/2025,11/05/2025,0513105BD032RX,,United States,885796273740,96049-1-1-VIDA,29223,ZONES,1,2025-11-06 23:14:09,,2025-11-08 15:48:24,
Retrieval,402,petvisor,95960-1-PETV,CANCELED,Standard,11/04/2025,11/04/2025,T61HDWX60Q,,United States,,95960-1-1-PETV,31440,ZONES,1,,,,
Retrieval,402,Modern Campus,95941-1-MODE,PENDING_RETURN,Standard,11/04/2025,11/04/2025,8J7Y4M3,,United States,8857 5860 8161,95941-1-1-MODE,32370,ZONES,1,2025-11-06 12:24:19,,2025-11-07 12:36:25,
Retrieval,402,Pomelo Care,95955-1-POME,PENDING_RETURN,2 Day,11/04/2025,11/04/2025,CKQHKCX70P,,United States,8857 5869 5870,95955-1-1-POME,262424,ZONES,1,2025-11-06 11:22:23,,2025-11-07 15:36:21,
Retrieval,402,Arch Amenity Group,95950-1-ARCH,PENDING_RETURN,Standard,11/04/2025,11/04/2025,,,United States,885759140010,95950-1-1-ARCH,263323,ZONES,1,2025-11-06 11:07:07,,2025-11-07 15:21:48,
Retrieval,402,ABC Legal Services,95949-1-ABCL,SHIPPED,Standard,11/04/2025,11/04/2025,,,United States,885758976645,95949-1-1-ABCL,263312,ZONES,1,2025-11-06 21:22:29,,,
Retrieval,402,Finalsite,95921-1-FINA,PENDING_RETURN,Standard,11/04/2025,11/04/2025,C02CM4ETMD6P,,United States,885758620655,95921-1-1-FINA,46460,ZONES,1,2025-11-06 11:07:37,,2025-11-07 16:22:49,
Retrieval,402,ARMRA,95857-1-ARMR,PENDING_RETURN,Standard,11/04/2025,11/04/2025,J9VMJGX6X5,,United States,885758343740,95857-1-1-ARMR,73185,ZONES,1,2025-11-06 10:59:34,,2025-11-07 13:07:50,
Retrieval,402,InterWell Health,95939-1-INTE,IN_FULFILLMENT,Standard,11/04/2025,11/04/2025,074477623857,,United States,885756600960,95939-1-1-INTE,241028,ZONES,1,,,,
Retrieval,402,GlossGenius,95936-1-GLOS,CANCELED,Standard,11/04/2025,11/04/2025,K6CL9MJ2TX,,United States,,95936-1-1-GLOS,100438,ZONES,1,,,,
Retrieval,402,Finalsite,95922-1-FINA,IN_FULFILLMENT,Standard,11/04/2025,11/04/2025,RMWQN6HWC2,,United States,8857 5570 5008,95922-1-1-FINA,46509,ZONES,1,,,,
Retrieval,402,Forbes ADVISOR,95529-1-FORB,PENDING_RETURN,Standard,11/03/2025,11/04/2025,JM3QHH5WCD,,United States,8857 5535 5273,95529-1-1-FORB,74290,ZONES,1,2025-11-06 10:55:31,,2025-11-07 12:01:06,
Retrieval,402,Posit Software PBC,95836-1-POSI,SHIPPED,Standard,11/04/2025,11/04/2025,JJH749KY65,,United States,885751433964,95836-1-1-POSI,259575,ZONES,1,2025-11-06 10:59:00,,,
Retrieval,402,Valera Health,95863-1-VALE,PENDING_RETURN,Standard,11/04/2025,11/04/2025,NXKMUAA00142612A4A7600,,United States,885751227459,95863-1-1-VALE,101689,ZONES,1,2025-11-06 11:09:14,,2025-11-07 10:23:05,
Retrieval,402,Forbes ADVISOR,93563-1-FORB,COMPLETE,Standard,10/22/2025,11/04/2025,G36YM2KH64,,United States,885407290504,93563-1-1-FORB,64390,ZONES,1,2025-10-25 02:45:20,2025-10-29 17:46:47,2025-10-27 10:46:13,2025-10-31 11:47:38
Retrieval,402,Forbes ADVISOR,93412-1-FORB,PENDING_RETURN,Standard,10/22/2025,11/03/2025,DJTY66VLFP,,United States,8857 2247 8952,93412-1-1-FORB,74949,ZONES,1,2025-11-04 20:53:14,,2025-11-06 13:54:46,
Retrieval,402,Ride Health,95653-1-RIDE,SHIPPED,Standard,11/03/2025,11/03/2025,C02G3B4YMD6M,,United States,8857 2235 5043,95653-1-1-RIDE,262832,ZONES,1,2025-11-05 02:58:21,,,
Retrieval,402,AuditBoard,95610-1-AUDI,SHIPPED,Standard,11/03/2025,11/03/2025,PF553PYK,,United States,8857 2227 7240,95610-1-1-AUDI,40536,ZONES,1,2025-11-04 20:50:18,,,
Retrieval,402,Nonstop Administration and Insurance Services,95649-1-NONS,PENDING_RETURN,Standard,11/03/2025,11/03/2025,,,United States,8857 2221 6400,95649-1-1-NONS,262829,ZONES,1,2025-11-05 02:54:25,,2025-11-06 12:55:56,
Retrieval,402,AuditBoard,95612-1-AUDI,SHIPPED,Standard,11/03/2025,11/03/2025,J2V5049QCV,,United States,8857 2177 6230,95612-1-1-AUDI,262803,ZONES,1,2025-11-05 02:58:25,,,
Retrieval,402,MOTUS,94859-1-MOTU,PENDING_RETURN,Standard,10/29/2025,11/03/2025,PF497F0J,,United States,8857 2189 1303,94859-1-1-MOTU,70673,ZONES,1,2025-11-05 02:55:23,,2025-11-07 13:01:48,
Retrieval,402,Linklive,95639-1-LINK,SHIPPED,Standard,11/03/2025,11/03/2025,JT4446WFXJ,,United States,8857 2206 6650,95639-1-1-LINK,28195,ZONES,1,2025-11-04 20:56:17,,,
Retrieval,402,Biofourmis,95613-1-BIOF,PENDING_RETURN,Standard,11/03/2025,11/03/2025,Q1T2PFL4GG,,United States,8857 2254 5302,95613-1-1-BIOF,90493,ZONES,1,2025-11-05 02:53:22,,2025-11-06 14:54:10,
Retrieval,402,Linklive,95611-1-LINK,PENDING_RETURN,Standard,11/03/2025,11/03/2025,C02CPHYAMD6M,,United States,8857 2315 0936,95611-1-1-LINK,251034,ZONES,1,2025-11-04 20:54:15,,2025-11-05 14:54:31,
Retrieval,402,Linklive,95609-1-LINK,PENDING_RETURN,Standard,11/03/2025,11/03/2025,C02XQ0LSJG5K,,United States,8857 2319 2678,95609-1-1-LINK,251039,ZONES,1,2025-11-05 02:53:22,,2025-11-07 12:05:03,
Retrieval,402,Forbes ADVISOR,95594-1-FORB,PENDING_RETURN,Standard,11/03/2025,11/03/2025,G5PWXCYDLC,,United States,8857 2324 2724,95594-1-1-FORB,64393,ZONES,1,2025-11-05 02:57:25,,2025-11-06 20:58:56,
Retrieval,402,Unite Us,95600-1-UNIT,PENDING_RETURN,Standard,11/03/2025,11/03/2025,C02FP2X0Q05N,,United States,8857 2329 3931,95600-1-1-UNIT,26975,ZONES,1,2025-11-05 02:51:21,,2025-11-07 16:02:22,
Retrieval,402,Forbes ADVISOR,93749-1-FORB,PENDING_RETURN,Standard,10/23/2025,11/03/2025,,,United States,885723724100,93749-1-7-FORB,,ZONES,4,2025-11-05 03:00:32,,2025-11-07 17:11:08,
Retrieval,402,Valera Health,95605-1-VALE,IN_RETURN,Standard,11/03/2025,11/03/2025,NXKMUAA001426129CC7600,,United States,885723157106,95605-1-1-VALE,101782,ZONES,1,2025-11-05 02:58:23,2025-11-08 21:03:27,2025-11-07 13:06:50,
Retrieval,402,Vercel,95482-1-VERC,IN_RETURN,Standard,11/01/2025,11/03/2025,0F3HYP724243MR,,United States,885723076348,95482-1-1-VERC,33120,ZONES,1,2025-11-05 02:51:21,2025-11-08 14:57:58,2025-11-07 12:22:37,
Retrieval,402,Wachsman,95479-1-WACH,IN_RETURN,Standard,11/01/2025,11/03/2025,FVFGG3HXQ05P,,United States,885722968716,95479-1-1-WACH,262333,ZONES,1,2025-11-05 02:54:25,2025-11-07 18:01:20,2025-11-06 10:55:10,
Retrieval,402,ABC Legal Services,95104-1-ABCL,SHIPPED,Standard,10/30/2025,11/03/2025,,,United States,885722818410,95104-1-1-ABCL,261845,ZONES,1,2025-11-05 02:50:25,,,
Retrieval,402,Slingshot Aerospace,95542-1-SLIN,SHIPPED,2 Day,11/03/2025,11/03/2025,48PMST3,,United States,885722705120,95542-1-1-SLIN,262665,ZONES,1,2025-11-04 20:50:14,,,
Retrieval,402,Unite Us,95554-1-UNIT,PENDING_RETURN,Standard,11/03/2025,11/03/2025,C02FQ0FZQ05N,,United States,885722583472,95554-1-1-UNIT,5734,ZONES,1,2025-11-05 02:51:29,,2025-11-06 14:53:03,
Retrieval,402,Annexus Health,95589-1-ANNE,PENDING_RETURN,Standard,11/03/2025,11/03/2025,CB5NHW3,,United States,885742672057,95589-1-1-ANNE,101031,ZONES,1,2025-11-05 02:53:23,,2025-11-06 12:54:16,
Retrieval,402,Valera Health,95532-1-VALE,PENDING_RETURN,Standard,11/03/2025,11/03/2025,NXKMUAA00142612E8F7600,,United States,885722469947,95532-1-1-VALE,262437,ZONES,1,2025-11-05 02:48:20,,2025-11-07 16:00:57,
Retrieval,402,Calendly,91578-1-CALE,PENDING_RETURN,Standard,10/09/2025,11/03/2025,JGHYQYN025,,United States,885722304330,91578-1-1-CALE,110088,ZONES,1,2025-11-05 03:10:34,,2025-11-06 11:13:20,
Retrieval,402,Unite Us,95574-1-UNIT,PENDING_RETURN,Standard,11/03/2025,11/03/2025,QCFYFQL9D3,,United States,885721688275,95574-1-1-UNIT,26727,ZONES,1,2025-11-05 03:09:23,,2025-11-07 10:15:46,
Retrieval,402,Unite Us,95555-1-UNIT,PENDING_RETURN,Standard,11/03/2025,11/03/2025,C02FP3F1Q05N,,United States,885721543266,95555-1-1-UNIT,26659,ZONES,1,2025-11-04 21:11:08,,2025-11-06 11:10:32,
Retrieval,402,Enterprise DB,95553-1-ENTE,SHIPPED,Standard,11/03/2025,11/03/2025,5806BK3,,United States,885721408938,95553-1-1-ENTE,262671,ZONES,1,2025-11-05 03:07:26,,,
Retrieval,402,Ironclad,95388-1-IRON,IN_RETURN,Standard,10/31/2025,11/03/2025,G4XTWF7H51,,United States,885721279865,95388-1-1-IRON,262246,ZONES,1,2025-11-04 21:13:18,2025-11-06 18:12:53,2025-11-06 12:15:07,
Retrieval,402,ABC Legal Services,95075-1-ABCL,PENDING_RETURN,Standard,10/30/2025,11/03/2025,,,United States,885721063621,95075-1-1-ABCL,261829,ZONES,1,2025-11-05 03:09:21,,2025-11-07 13:14:21,
Retrieval,402,Branch Insurance,95539-1-BRAN,SHIPPED,Standard,11/03/2025,11/03/2025,PF48SWRD,,United States,885721858749,95539-1-1-BRAN,262533,ZONES,1,2025-11-05 03:14:26,,,
Retrieval,402,NP Digital,95514-1-NPDI,IN_FULFILLMENT,Standard,11/03/2025,11/03/2025,G52WVJWXCP,,Canada,,95514-1-1-NPDI,262428,ZONES,1,,,,
Retrieval,402,Calendly,95537-1-CALE,PENDING_RETURN,Standard,11/03/2025,11/03/2025,FVFHT928Q6LR,,United States,885712822743,95537-1-1-CALE,49962,ZONES,1,2025-11-05 03:05:25,,2025-11-07 18:11:19,
Retrieval,402,Branch,95530-1-BRAN,PENDING_RETURN,2 Day,11/03/2025,11/03/2025,CVPJ6TKX1C,,United States,885712555449,95530-1-1-BRAN,25852,ZONES,1,2025-11-05 03:12:26,,2025-11-07 16:30:47,
Retrieval,402,Nulogy,95525-1-NULO,PENDING_RETURN,Standard,11/03/2025,11/03/2025,PF5BB98Z,,United States,885710764148,95525-1-1-NULO,262433,ZONES,1,2025-11-05 03:05:24,,2025-11-07 11:22:36,
Retrieval,402,"Mindspan Group, Inc.",95526-1-MIND,IN_RETURN,Standard,11/03/2025,11/03/2025,,,United States,885710431550,95526-1-1-MIND,262434,ZONES,1,2025-11-03 23:22:24,2025-11-06 17:21:01,2025-11-05 13:23:31,
Retrieval,402,InterWell Health,95523-1-INTE,IN_RETURN,Standard,11/03/2025,11/03/2025,CF36F6Q7TN,,United States,885711252467,95523-1-1-INTE,24252,ZONES,1,2025-11-03 23:25:16,2025-11-07 17:36:46,2025-11-06 14:26:55,
Retrieval,402,Prescient Security,95516-1-PRES,PENDING_RETURN,Standard,11/03/2025,11/03/2025,5CD2285HMS,,United States,885714157899,95516-1-1-PRES,262429,ZONES,1,2025-11-04 21:12:14,,2025-11-05 16:13:15,
Retrieval,402,The Trevor Project,94994-1-THET,PENDING_RETURN,Standard,10/30/2025,11/03/2025,C02C95Z2LVDL,,United States,8857 1355 8661,94994-1-1-THET,78775,ZONES,1,2025-11-04 21:08:20,,2025-11-06 12:10:39,
Retrieval,402,TIA INC,95508-1-TIAI,PENDING_RETURN,Standard,11/03/2025,11/03/2025,D42YXWWQ41,,United States,885712994907,95508-1-1-TIAI,103356,ZONES,1,2025-11-05 03:10:22,,2025-11-07 16:26:03,
Retrieval,402,Vanta,94676-1-VANT,PENDING_RETURN,Standard,10/29/2025,10/31/2025,CW6V3FCX3L,,United States,885664594326,94676-1-1-VANT,48957,ZONES,1,2025-11-03 23:13:27,,2025-11-07 20:32:10,
Retrieval,402,CloudZero,95379-1-CLOU,PENDING_RETURN,Standard,10/31/2025,10/31/2025,MKH41TFQ1Y,,United States,885664401543,95379-1-1-CLOU,74190,ZONES,1,2025-11-03 23:23:20,,2025-11-06 13:26:49,
Retrieval,402,Escalon,95370-1-ESCA,PENDING_RETURN,Standard,10/31/2025,10/31/2025,C02DT3R8ML7J,,United States,8856 6399 1582,95370-1-1-ESCA,37078,ZONES,1,2025-11-03 23:21:17,,2025-11-05 10:22:22,
Retrieval,402,The Trevor Project,94996-1-THET,PENDING_RETURN,Standard,10/30/2025,10/31/2025,C02FT58VML7H,,United States,8856 6388 9307,94996-1-1-THET,78819,ZONES,1,2025-11-03 23:21:20,,2025-11-07 18:32:07,
Retrieval,402,Prescient Security,95368-1-PRES,PENDING_RETURN,Standard,10/31/2025,10/31/2025,PF3G3QL9,,United States,885664511043,95368-1-1-PRES,262243,ZONES,1,2025-11-03 23:20:20,,2025-11-05 12:22:25,
Retrieval,402,dbt,95365-1-DBT,PENDING_RETURN,Standard,10/31/2025,10/31/2025,CVHQ92WVXP,,United States,885663381574,95365-1-1-DBT,50572,ZONES,1,2025-11-03 23:21:19,,2025-11-05 14:22:44,
Retrieval,402,Horizon3.ai,95347-1-HORI,PENDING_RETURN,2 Day,10/31/2025,10/31/2025,GTZ8974,,United States,8856 6355 2849,95347-1-1-HORI,91592,ZONES,1,2025-11-03 20:19:18,,2025-11-05 13:21:55,
Retrieval,402,ClassDojo,95136-1-CLAS,PENDING_RETURN,Standard,10/30/2025,10/31/2025,JXXDXRJ2Y9,,United States,885661630557,95136-1-1-CLAS,80415,ZONES,1,2025-11-03 20:20:18,,2025-11-07 13:34:05,
Retrieval,402,InterWell Health,95350-1-INTE,PENDING_RETURN,Standard,10/31/2025,10/31/2025,,,United States,885661888867,95350-1-1-INTE,262221,ZONES,1,2025-11-03 20:21:18,,2025-11-06 13:25:44,
Retrieval,402,Prescient Security,95337-1-PRES,PENDING_RETURN,Standard,10/31/2025,10/31/2025,C9CWQF3,,United States,885663187599,95337-1-1-PRES,262214,ZONES,1,2025-11-03 23:20:20,,2025-11-06 12:22:27,
Retrieval,402,Escalon,95348-1-ESCA,PENDING_RETURN,Standard,10/31/2025,10/31/2025,PF4WNR3K,,United States,8856 6337 0820,95348-1-1-ESCA,37102,ZONES,1,2025-11-03 23:19:21,,2025-11-07 18:33:00,
Retrieval,402,Biofourmis,95315-1-BIOF,PENDING_RETURN,Standard,10/31/2025,10/31/2025,FVFH8C57Q6LC,,United States,8856 6328 8381,95315-1-1-BIOF,90414,ZONES,1,2025-11-03 23:18:23,,2025-11-06 17:24:15,
Retrieval,402,Solo.io,95325-1-SOLO,PENDING_RETURN,Standard,10/31/2025,10/31/2025,FCWVQG07M3,,United States,8856 6319 4720,95325-1-1-SOLO,39561,ZONES,1,2025-11-03 20:23:19,,2025-11-04 11:26:35,
Retrieval,402,Comagine Health,95343-1-COMA,PENDING_RETURN,Standard,10/31/2025,10/31/2025,5CD3023X9V,,United States,8856 6308 5435,95343-1-1-COMA,262216,ZONES,1,2025-11-03 20:25:14,,2025-11-07 12:40:11,
Retrieval,402,Pomelo Care,94550-1-POME,PENDING_RETURN,Standard,10/28/2025,10/31/2025,FTH4F9Y03M,,United States,8856 6296 9404,94550-1-1-POME,73146,ZONES,1,2025-11-03 23:22:19,,2025-11-05 14:23:36,
Retrieval,402,PayNearMe,95324-1-PAYN,PENDING_RETURN,2 Day,10/31/2025,10/31/2025,JBM45X3,,United States,8856 6288 1468,95324-1-1-PAYN,262212,ZONES,1,2025-11-03 23:22:24,,2025-11-04 14:27:04,
Retrieval,402,Found,95298-1-FOUN,PENDING_RETURN,Standard,10/31/2025,10/31/2025,L3VTYC9KX9,,United States,8856 6267 3810,95298-1-1-FOUN,70573,ZONES,1,2025-11-03 23:25:20,,2025-11-05 15:26:16,
Retrieval,402,Epic Staffing Group,95311-1-EPIC,PENDING_RETURN,Standard,10/31/2025,10/31/2025,6GYDGB3,,United States,8856 6118 0580,95311-1-1-EPIC,62941,ZONES,1,2025-11-03 20:23:18,,2025-11-06 13:27:18,
Retrieval,402,InMotionHosting,95153-1-INMO,PENDING_RETURN,Standard,10/30/2025,10/31/2025,PF3BD1SH,,United States,8856 6092 5847,95153-1-1-INMO,261858,ZONES,1,2025-11-03 20:26:16,,2025-11-05 12:27:07,
Retrieval,402,Found,95299-1-FOUN,PENDING_RETURN,Standard,10/31/2025,10/31/2025,K3J0X5JW4T,,United States,8856 6065 8830,95299-1-1-FOUN,74161,ZONES,1,2025-11-03 20:23:16,,2025-11-05 18:26:17,
Retrieval,402,InStride,95279-1-INST,PENDING_RETURN,Standard,10/31/2025,10/31/2025,JY1F2NF0CV,,United States,8856 6050 9254,95279-1-1-INST,80283,ZONES,1,2025-11-03 20:23:19,,2025-11-07 13:32:13,
Retrieval,402,Gradle,95198-1-GRAD,PENDING_RETURN,Standard,10/30/2025,10/31/2025,DH4GTD2N2L,,United States,885657070530,95198-1-1-GRAD,39174,ZONES,1,2025-11-03 23:19:20,,2025-11-07 11:33:57,
Retrieval,402,Streamline Health,95245-1-STRE,IN_RETURN,Standard,10/31/2025,10/31/2025,H62NST3,,United States,885656964896,95245-1-1-STRE,18715,ZONES,1,2025-11-03 20:20:19,2025-11-06 17:20:52,2025-11-05 15:21:37,
Retrieval,402,WeTravel,95240-1-WETR,IN_RETURN,Standard,10/31/2025,10/31/2025,DWPHV6CX1L,,United States,885656837422,95240-1-1-WETR,12649,ZONES,1,2025-11-03 20:20:15,2025-11-06 20:19:06,2025-11-06 14:22:07,
Retrieval,402,Kraken Tech,95248-1-KRAK,CANCELED,Standard,10/31/2025,10/31/2025,,,United States,,95248-1-1-KRAK,,ZONES,0,,,,
Retrieval,402,NP Digital,95243-1-NPDI,PENDING_RETURN,Standard,10/31/2025,10/31/2025,MP2KKHA8,,United States,885656669499,95243-1-1-NPDI,261910,ZONES,1,2025-11-03 20:26:16,,2025-11-06 16:28:12,
Retrieval,402,Gradle,95197-1-GRAD,PENDING_RETURN,Standard,10/30/2025,10/31/2025,W364LC77C7,,United States,885656456806,95197-1-1-GRAD,39300,ZONES,1,2025-11-04 09:20:59,,2025-11-05 12:21:15,
Retrieval,402,ClassDojo,95137-1-CLAS,PENDING_RETURN,Standard,10/30/2025,10/30/2025,T93D37J24W,,United States,8856 3370 9613,95137-1-1-CLAS,57169,ZONES,1,2025-10-31 19:00:25,,2025-11-01 19:01:36,
Retrieval,402,ABC Legal Services,95088-1-ABCL,PENDING_RETURN,Standard,10/30/2025,10/30/2025,,,United States,8856 3360 7629,95088-1-1-ABCL,261834,ZONES,1,2025-10-31 19:01:20,,2025-11-03 14:02:24,
Retrieval,402,ServiceTitan,95132-1-SERV,IN_FULFILLMENT,Standard,10/30/2025,10/30/2025,DSDJ9G3,,Canada,,95132-1-1-SERV,110181,ZONES,1,,,,
Retrieval,402,Branch Insurance,95007-1-BRAN,COMPLETE,Standard,10/30/2025,10/30/2025,DTN0L94,,United States,885633578905,95007-1-1-BRAN,261788,ZONES,1,2025-10-31 19:17:19,2025-11-05 21:20:38,2025-11-04 10:24:36,2025-11-07 11:22:17
Retrieval,402,ABC Legal Services,95067-1-ABCL,IN_FULFILLMENT,Standard,10/30/2025,10/30/2025,,,Puerto Rico,,95067-1-1-ABCL,261825,ZONES,1,,,,
Retrieval,402,Finalsite,95072-1-FINA,PENDING_RETURN,Standard,10/30/2025,10/30/2025,BY2018A90106249,,United States,885633661442,95072-1-1-FINA,261827,ZONES,1,2025-10-31 19:15:18,,2025-11-04 11:23:22,
Retrieval,402,Qualified,95065-1-QUAL,IN_FULFILLMENT,Standard,10/30/2025,10/30/2025,G922PKP497,,Canada,,95065-1-1-QUAL,59342,ZONES,1,,,,
Retrieval,402,The Trevor Project,94999-1-THET,PENDING_RETURN,Standard,10/30/2025,10/30/2025,C02DF27UP3YV,,United States,8856 3347 4962,94999-1-1-THET,78785,ZONES,1,2025-10-31 19:18:16,,2025-11-03 12:19:57,
Retrieval,402,Ironclad,94666-1-IRON,COMPLETE,Standard,10/29/2025,10/30/2025,KKXQG20DXP,,United States,885631786413,94666-1-1-IRON,261294,ZONES,1,2025-10-31 19:09:17,2025-11-04 15:10:38,2025-11-03 14:11:02,2025-11-06 12:13:11
Retrieval,402,MOTUS,95047-1-MOTU,PENDING_RETURN,Standard,10/30/2025,10/30/2025,,,United States,885631445838,95047-1-3-MOTU,,ZONES,2,2025-10-31 19:18:20,,2025-11-01 15:18:45,
Retrieval,402,Valsoft - Tag Software Group,95045-1-VALS,COMPLETE,Standard,10/30/2025,10/30/2025,,,United States,885631285630,95045-1-1-VALS,261819,ZONES,1,2025-10-31 19:01:18,2025-11-05 18:03:56,2025-11-03 10:02:18,2025-11-07 11:15:03
Retrieval,402,MOTUS,95020-1-MOTU,COMPLETE,Standard,10/30/2025,10/30/2025,1J8HST3,,United States,885630920213,95020-1-1-MOTU,71014,ZONES,1,2025-10-31 18:57:15,2025-11-04 17:58:56,2025-11-03 17:58:29,2025-11-05 17:00:07
Retrieval,402,Parallel Learning Inc.,95030-1-PARA,PENDING_RETURN,Standard,10/30/2025,10/30/2025,HRTJTGQQ1WFV,,United States,885630778235,95030-1-1-PARA,13010,ZONES,1,2025-10-31 19:02:17,,2025-11-01 14:03:39,
Retrieval,402,ZEPZ,90953-1-ZEPZ,PENDING_RETURN,Standard,10/06/2025,10/30/2025,C02FT03HMD6R,,United States,8856 3031 9614,90953-1-1-ZEPZ,105759,ZONES,1,2025-10-31 19:06:18,,2025-11-04 15:10:44,
Retrieval,402,Socure,95013-1-SOCU,PENDING_RETURN,Standard,10/30/2025,10/30/2025,FVFH31VMQ05N,,United States,8856 3020 1837,95013-1-1-SOCU,261793,ZONES,1,2025-10-31 19:06:25,,2025-11-01 17:06:55,
Retrieval,402,petvisor,95022-1-PETV,PENDING_RETURN,Standard,10/30/2025,10/30/2025,FP374VRH4X,,United States,8856 3003 7660,95022-1-1-PETV,29023,ZONES,1,2025-11-03 20:18:19,,2025-11-08 14:34:25,
Retrieval,402,Branch Insurance,95010-1-BRAN,PENDING_RETURN,Standard,10/30/2025,10/30/2025,1B41L94,,United States,8856 2980 8374,95010-1-1-BRAN,261790,ZONES,1,2025-10-31 18:58:15,,2025-11-03 09:59:23,
Retrieval,402,petvisor,95021-1-PETV,PENDING_RETURN,Standard,10/30/2025,10/30/2025,Y73YG7L6TJ,,United States,8856 2966 6544,95021-1-1-PETV,31446,ZONES,1,2025-11-01 03:12:24,,2025-11-04 16:14:33,
Retrieval,402,The Trevor Project,94993-1-THET,PENDING_RETURN,Standard,10/30/2025,10/30/2025,C02FC1PMML7L,,United States,8856 2769 4714,94993-1-1-THET,78674,ZONES,1,2025-10-31 19:19:17,,2025-11-03 13:20:27,
Retrieval,402,The Trevor Project,94998-1-THET,COMPLETE,Standard,10/30/2025,10/30/2025,C02ZW18SLVDL,,United States,885627559330,94998-1-1-THET,5199,ZONES,1,2025-10-31 19:12:15,2025-11-05 18:15:46,2025-11-03 16:13:38,2025-11-06 12:17:20
Retrieval,402,The Trevor Project,94990-1-THET,COMPLETE,Standard,10/30/2025,10/30/2025,C02FW6QJML7H,,United States,885627324786,94990-1-1-THET,78639,ZONES,1,2025-10-31 19:16:17,2025-11-05 18:20:27,2025-11-03 18:17:52,2025-11-07 11:34:05
Retrieval,402,The Trevor Project,94997-1-THET,IN_RETURN,Standard,10/30/2025,10/30/2025,C02FT56NML7H,,United States,885627136913,94997-1-1-THET,78701,ZONES,1,2025-10-31 19:20:16,2025-11-07 18:10:21,2025-11-03 11:21:25,
Retrieval,402,InterWell Health,94984-1-INTE,PENDING_RETURN,Standard,10/30/2025,10/30/2025,,,United States,8856 2784 6681,94984-1-5-INTE,,ZONES,3,2025-10-31 19:12:18,,2025-11-02 12:12:59,
Retrieval,402,Posh,94977-1-POSH,COMPLETE,Standard,10/30/2025,10/30/2025,,,United States,885623299411,94977-1-1-POSH,261784,ZONES,1,2025-10-31 19:20:19,2025-11-05 18:25:35,2025-11-03 13:21:25,2025-11-07 11:30:53
Retrieval,402,TIA INC,94981-1-TIAI,PENDING_RETURN,Standard,10/30/2025,10/30/2025,,,United States,885623750745,94981-1-1-TIAI,261785,ZONES,1,2025-10-31 19:13:18,,2025-11-04 12:20:27,
Retrieval,402,payroc,94172-1-PAYR,PENDING_RETURN,Standard,10/27/2025,10/30/2025,C5HHGTD6VV,,United States,8856 2422 6630,94172-1-1-PAYR,22384,ZONES,1,2025-10-31 19:20:19,,2025-11-02 15:21:03,
Retrieval,402,Goodway Group,94974-1-GOOD,PENDING_RETURN,Standard,10/30/2025,10/30/2025,YJ56D41Q47,,United States,8856 2415 4604,94974-1-1-GOOD,42745,ZONES,1,2025-10-31 19:17:16,,2025-11-04 12:21:21,
Retrieval,402,TalkingPoints,94963-1-TALK,PENDING_RETURN,Standard,10/30/2025,10/30/2025,GV6413K02W,,United States,885623765921,94963-1-1-TALK,257701,ZONES,1,2025-10-31 19:21:18,,2025-11-03 14:22:38,
Retrieval,402,Vanta,94673-1-VANT,PENDING_RETURN,Standard,10/29/2025,10/29/2025,GYWTXF02DV,,United States,8856 0046 4867,94673-1-1-VANT,74256,ZONES,1,2025-10-30 19:30:19,,2025-11-02 12:31:18,
Retrieval,402,ABC Legal Services,94794-1-ABCL,IN_FULFILLMENT,Standard,10/29/2025,10/29/2025,,,Puerto Rico,,94794-1-1-ABCL,261370,ZONES,1,,,,
Retrieval,402,Modern Campus,94788-1-MODE,PENDING_RETURN,Standard,10/29/2025,10/29/2025,,,United States,8856 0040 0351,94788-1-1-MODE,261366,ZONES,1,2025-10-30 19:30:16,,2025-11-01 12:31:08,
Retrieval,402,Found,94168-1-FOUN,PENDING_RETURN,Standard,10/27/2025,10/29/2025,FVFHT0XZQ6LR,,United States,8856 0029 7186,94168-1-1-FOUN,578,ZONES,1,2025-10-30 19:30:17,,2025-11-02 17:31:35,
Retrieval,402,TransfrVR,94813-1-TRAN,PENDING_RETURN,Standard,10/29/2025,10/29/2025,CD13H24,,United States,8856 0021 2430,94813-1-1-TRAN,81648,ZONES,1,2025-10-30 23:30:21,,2025-11-05 17:33:53,
Retrieval,402,Clutch,94729-1-CLUT,PENDING_RETURN,Standard,10/29/2025,10/29/2025,FRX63JLWF7,,United States,8856 0013 7247,94729-1-1-CLUT,261346,ZONES,1,2025-10-30 19:30:19,,2025-11-04 15:35:19,
Retrieval,402,petvisor,94802-1-PETV,PENDING_RETURN,Standard,10/29/2025,10/29/2025,QGFCC423KM,,United States,8856 0003 8343,94802-1-1-PETV,31433,ZONES,1,2025-10-30 19:31:14,,2025-11-04 14:35:40,
Retrieval,402,TransfrVR,94799-1-TRAN,PENDING_RETURN,Standard,10/29/2025,10/29/2025,HC7NVFWCDP,,United States,8855 9995 1679,94799-1-1-TRAN,81763,ZONES,1,2025-10-30 19:31:16,,2025-11-04 13:35:16,
Retrieval,402,Vanta,94675-1-VANT,PENDING_RETURN,Standard,10/29/2025,10/29/2025,H21XCHX6L5,,United States,8855 9987 1884,94675-1-1-VANT,45898,ZONES,1,2025-10-30 23:29:17,,2025-11-05 21:34:14,
Retrieval,402,ServiceTitan,94479-1-SERV,IN_FULFILLMENT,Standard,10/28/2025,10/29/2025,4ZXL374,,Canada,,94479-1-1-SERV,67298,ZONES,1,,,,
Retrieval,402,TransfrVR,94792-1-TRAN,PENDING_RETURN,Standard,10/29/2025,10/29/2025,Y1H9DJX02P,,United States,8855 9976 7797,94792-1-1-TRAN,81803,ZONES,1,2025-10-30 23:32:21,,2025-11-01 14:33:27,
Retrieval,402,Finalsite,94716-1-FINA,PENDING_RETURN,Standard,10/29/2025,10/29/2025,,,United States,8855 9967 7269,94716-1-1-FINA,261343,ZONES,1,2025-10-30 19:31:16,,2025-11-03 18:33:21,
Retrieval,402,Vanta,94674-1-VANT,PENDING_RETURN,Standard,10/29/2025,10/29/2025,,,United States,885599579800,94674-1-1-VANT,261306,ZONES,1,2025-10-30 19:31:16,,2025-11-04 16:39:07,
Retrieval,402,Slingshot Aerospace,94787-1-SLIN,COMPLETE,2 Day,10/29/2025,10/29/2025,KY9477V56W,,United States,885599480524,94787-1-1-SLIN,261363,ZONES,1,2025-10-30 19:31:18,2025-11-04 12:26:03,2025-11-03 13:32:54,2025-11-06 10:27:46
Retrieval,402,TIA INC,94786-1-TIAI,PENDING_RETURN,Standard,10/29/2025,10/29/2025,J9X3DJ7VKC,,United States,8855 9935 6300,94786-1-1-TIAI,98787,ZONES,1,2025-10-30 23:30:22,,2025-11-04 18:36:22,
Retrieval,402,Suncrest Hospice,94783-1-SUNC,PENDING_RETURN,Standard,10/29/2025,10/29/2025,,,United States,8855 9913 1995,94783-1-1-SUNC,261362,ZONES,1,2025-10-30 23:29:23,,2025-11-04 14:45:41,
Retrieval,402,TransfrVR,94780-1-TRAN,COMPLETE,Standard,10/29/2025,10/29/2025,MRQPVQQWC0,,United States,885598950070,94780-1-1-TRAN,255723,ZONES,1,2025-10-30 23:31:19,2025-11-05 19:31:10,2025-10-31 13:31:52,2025-11-06 12:31:46
Retrieval,402,TransfrVR,94771-1-TRAN,IN_RETURN,Standard,10/29/2025,10/29/2025,HQQXS14,,United States,885598835294,94771-1-1-TRAN,81782,ZONES,1,2025-10-30 19:33:16,2025-11-07 00:28:01,2025-11-05 16:36:46,
Retrieval,402,TransfrVR,94754-1-TRAN,COMPLETE,Standard,10/29/2025,10/29/2025,H607ML9P4K,,United States,885598713014,94754-1-1-TRAN,74079,ZONES,1,2025-10-30 23:31:19,2025-11-03 16:32:45,2025-11-03 13:32:46,2025-11-05 12:35:37
Retrieval,402,TransfrVR,94744-1-TRAN,PENDING_RETURN,Standard,10/29/2025,10/29/2025,FQTQ09H16F,,United States,8855 9855 3402,94744-1-1-TRAN,81733,ZONES,1,2025-10-30 23:29:19,,2025-11-01 13:30:12,
Retrieval,402,TransfrVR,94740-1-TRAN,PENDING_RETURN,Standard,10/29/2025,10/29/2025,6GKNKN3,,United States,8855 9832 9825,94740-1-1-TRAN,81757,ZONES,1,2025-10-30 19:33:15,,2025-11-03 13:34:55,
Retrieval,402,Ride Health,94732-1-RIDE,PENDING_RETURN,2 Day,10/29/2025,10/29/2025,FVFGMZJAQ6L4,,United States,8855 9792 3952,94732-1-1-RIDE,261347,ZONES,1,2025-10-30 19:33:18,,2025-11-03 14:35:00,
Retrieval,402,TransfrVR,94728-1-TRAN,COMPLETE,Standard,10/29/2025,10/29/2025,JHNJ4QG2NV,,United States,885596742603,94728-1-1-TRAN,255713,ZONES,1,2025-10-30 19:34:16,2025-11-03 18:27:51,2025-11-03 14:36:50,2025-11-05 12:31:17
Retrieval,402,Krazy Coupon Lady,94712-1-KRAZ,PENDING_RETURN,Standard,10/29/2025,10/29/2025,,,United States,8855 9649 0846,94712-1-3-KRAZ,,ZONES,2,2025-10-30 22:55:18,,2025-11-04 12:59:11,
Retrieval,402,TransfrVR,94719-1-TRAN,COMPLETE,Standard,10/29/2025,10/29/2025,K2307N0091220,,United States,8855 9610 9696,94719-1-1-TRAN,81636,ZONES,1,2025-10-30 19:35:14,,2025-11-01 11:35:53,2025-11-07 17:37:31
Retrieval,402,Nulogy,94714-1-NULO,CANCELED,Standard,10/29/2025,10/29/2025,CQGV1Q06Y3,,Canada,,94714-1-1-NULO,,ZONES,0,,,,
Retrieval,402,TransfrVR,94713-1-TRAN,IN_RETURN,Standard,10/29/2025,10/29/2025,GD2159VQM0,,United States,8855 9541 7078,94713-1-1-TRAN,81710,ZONES,1,2025-10-30 19:35:16,2025-11-03 15:35:03,2025-11-01 10:35:58,
Retrieval,402,CaptivateIQ,94588-1-CAPT,IN_RETURN,Standard,10/28/2025,10/28/2025,LW5RWGGF7D,,United States,885567109152,94588-1-1-CAPT,261200,ZONES,1,2025-10-30 19:37:16,2025-11-07 00:30:20,2025-11-05 17:41:16,
Retrieval,402,Mill,94587-1-MILL,PENDING_RETURN,Standard,10/28/2025,10/28/2025,GMFX24KJKN,,United States,8855 6815 8488,94587-1-1-MILL,50575,ZONES,1,2025-10-30 19:37:16,,2025-11-03 12:38:49,
Retrieval,402,Mill,94586-1-MILL,PENDING_RETURN,Standard,10/28/2025,10/28/2025,GQF94DDY42,,United States,8855 6789 7823,94586-1-1-MILL,50578,ZONES,1,2025-10-30 19:29:16,,2025-11-01 11:30:06,
Retrieval,402,AuditBoard,94582-1-AUDI,IN_FULFILLMENT,Standard,10/28/2025,10/28/2025,,,Canada,,94582-1-1-AUDI,261198,ZONES,1,,,,
Retrieval,402,ABC Legal Services,94417-1-ABCL,IN_FULFILLMENT,Standard,10/27/2025,10/28/2025,,,Puerto Rico,,94417-1-1-ABCL,261016,ZONES,1,,,,
Retrieval,402,Enterprise DB,94576-1-ENTE,COMPLETE,Standard,10/28/2025,10/28/2025,M5645W66FK,,United States,885567036267,94576-1-1-ENTE,261195,ZONES,1,2025-10-29 23:13:19,2025-11-05 16:16:45,2025-10-31 12:14:03,2025-11-07 11:17:48
Retrieval,402,PayNearMe,94572-1-PAYN,PENDING_RETURN,Standard,10/28/2025,10/28/2025,RVXPYXH4JD,,United States,885567001777,94572-1-1-PAYN,75370,ZONES,1,2025-10-30 10:29:16,,2025-11-04 17:33:59,
Retrieval,402,PayNearMe,94570-1-PAYN,PENDING_RETURN,Standard,10/28/2025,10/28/2025,C02H50ERQ05P,,United States,885566965700,94570-1-1-PAYN,75202,ZONES,1,2025-10-30 10:28:19,,2025-11-04 16:51:34,
Retrieval,402,Vanta,92703-1-VANT,COMPLETE,Standard,10/17/2025,10/28/2025,,,United States,885566934880,92703-1-1-VANT,259144,ZONES,1,2025-10-30 10:27:18,2025-11-04 21:28:03,2025-10-31 12:27:59,2025-11-06 12:28:48
Retrieval,402,Clarvos,94529-1-CLAR,COMPLETE,Standard,10/28/2025,10/28/2025,GN3MHW3,,United States,885566891325,94529-1-1-CLAR,59713,ZONES,1,2025-10-30 10:25:17,2025-11-03 18:27:15,2025-10-31 12:25:45,2025-11-05 12:29:28
Retrieval,402,go1,94539-1-GO1,IN_RETURN,Standard,10/28/2025,10/28/2025,D138GK3,,United States,885566849034,94539-1-1-GO1,261184,ZONES,1,2025-10-30 10:24:17,2025-11-04 18:27:30,2025-11-03 15:26:04,
Retrieval,402,Rillet,94542-1-RILL,PENDING_RETURN,Standard,10/28/2025,10/28/2025,,,United States,885560561153,94542-1-1-RILL,261186,ZONES,1,2025-10-30 10:23:17,,2025-11-01 15:24:22,
Retrieval,402,Enterprise DB,93763-1-ENTE,COMPLETE,Standard,10/23/2025,10/28/2025,LPM0G4MQCJ,,United States,885560431971,93763-1-1-ENTE,260548,ZONES,1,2025-10-30 10:21:21,2025-11-05 18:25:37,2025-10-31 15:22:04,2025-11-07 11:37:50
Retrieval,402,The Trevor Project,94522-1-THET,PENDING_RETURN,Standard,10/28/2025,10/28/2025,C02C97VVLVDL,,United States,885560457353,94522-1-1-THET,9749,ZONES,1,2025-10-29 20:14:15,,2025-10-30 11:14:46,
Retrieval,402,Slingshot Aerospace,94533-1-SLIN,COMPLETE,Standard,10/28/2025,10/28/2025,5CG43865WN,,United States,885558321625,94533-1-1-SLIN,261115,ZONES,1,2025-10-29 19:21:15,2025-11-04 18:23:20,2025-10-31 11:22:00,2025-11-06 12:25:07
Retrieval,402,The Trevor Project,94503-1-THET,PENDING_RETURN,Standard,10/28/2025,10/28/2025,C02FV5KPQ05N,,United States,885558206313,94503-1-1-THET,11488,ZONES,1,2025-10-29 20:14:16,,2025-10-31 14:14:52,
Retrieval,402,The Trevor Project,94509-1-THET,PENDING_RETURN,Standard,10/28/2025,10/28/2025,C02H72SBQ05N,,United States,885558082798,94509-1-1-THET,11696,ZONES,1,2025-10-29 20:13:18,,2025-10-31 16:14:29,
Retrieval,402,InterWell Health,93042-1-INTE,PENDING_RETURN,Standard,10/20/2025,10/28/2025,,,United States,885557988257,93042-1-1-INTE,259499,ZONES,1,2025-10-30 23:31:21,,2025-11-01 16:32:21,
Retrieval,402,Forbes ADVISOR,93553-1-FORB,COMPLETE,Standard,10/22/2025,10/28/2025,C2LTV9RQKQ,,United States,885557887442,93553-1-1-FORB,93160,ZONES,1,2025-10-29 10:49:17,2025-11-03 12:51:09,2025-10-30 16:50:08,2025-11-05 11:52:27
Retrieval,402,ABC Legal Services,94419-1-ABCL,PENDING_RETURN,Standard,10/28/2025,10/28/2025,,,United States,885552209255,94419-1-1-ABCL,261018,ZONES,1,2025-10-28 23:58:16,,2025-10-29 12:58:37,
Retrieval,402,InterWell Health,94497-1-INTE,COMPLETE,Standard,10/28/2025,10/28/2025,009623121957,,United States,885552052591,94497-1-1-INTE,240179,ZONES,1,2025-10-28 23:59:16,2025-11-02 13:58:57,2025-10-30 11:59:56,2025-11-05 12:01:17
Retrieval,402,Clutch,94478-1-CLUT,COMPLETE,Standard,10/28/2025,10/28/2025,M5QHCD7WP2,,United States,885550067021,94478-1-1-CLUT,108346,ZONES,1,2025-10-28 23:59:19,2025-11-03 17:00:19,2025-10-30 09:59:48,2025-11-05 12:02:39
Retrieval,402,InterWell Health,94318-1-INTE,PENDING_RETURN,Standard,10/27/2025,10/27/2025,FVFDF811MNHX,,United States,885528789803,94318-1-1-INTE,251946,ZONES,1,2025-10-28 21:00:22,,2025-10-31 13:01:52,
Retrieval,402,Verifiable,93879-1-VERI,IN_RETURN,Standard,10/24/2025,10/27/2025,W1W9JGTQXD,,United States,885528712880,93879-1-1-VERI,36789,ZONES,1,2025-10-28 20:57:14,2025-11-06 19:59:25,2025-10-30 16:58:13,
Retrieval,402,Genomenon,94152-1-GENO,PENDING_RETURN,Standard,10/27/2025,10/27/2025,QWXQD7H93X,,United States,885528870808,94152-1-1-GENO,51593,ZONES,1,2025-10-28 21:01:15,,2025-11-03 15:03:56,
Retrieval,402,Epic Staffing Group,94307-1-EPIC,IN_RETURN,Standard,10/27/2025,10/27/2025,,,United States,885528936150,94307-1-1-EPIC,260924,ZONES,1,2025-10-28 20:59:18,2025-11-06 20:00:32,2025-11-02 13:01:09,
Retrieval,402,Forbes ADVISOR,93550-1-FORB,PENDING_RETURN,Standard,10/22/2025,10/27/2025,L2LY744Q3Y,,United States,885528997690,93550-1-1-FORB,110284,ZONES,1,2025-10-28 21:01:08,,2025-11-03 18:03:04,
Retrieval,402,InterWell Health,94302-1-INTE,COMPLETE,Standard,10/27/2025,10/27/2025,LT7CM6FC39,,United States,885601533249,94302-1-1-INTE,251888,ZONES,1,2025-10-30 19:37:17,2025-11-03 18:30:58,2025-11-02 12:38:29,2025-11-05 12:33:56
Retrieval,402,InterWell Health,94298-1-INTE,COMPLETE,Standard,10/27/2025,10/27/2025,jh395r96cw,,United States,885527663469,94298-1-1-INTE,260919,ZONES,1,2025-10-28 20:58:16,2025-10-31 17:59:15,2025-10-31 12:59:32,2025-11-04 12:03:53
Retrieval,402,Forbes ADVISOR,93521-1-FORB,COMPLETE,Standard,10/22/2025,10/27/2025,,,United States,885527514148,93521-1-1-FORB,260242,ZONES,1,2025-10-28 21:00:24,2025-11-03 20:02:21,2025-10-29 13:00:56,2025-11-04 12:03:20
Retrieval,402,Prompt Therapy Solutions,94294-1-PROM,COMPLETE,Standard,10/27/2025,10/27/2025,MYP9F0HW7F,,United States,885527326672,94294-1-1-PROM,71562,ZONES,1,2025-10-30 10:58:15,2025-10-31 19:58:39,2025-10-30 14:58:26,2025-11-04 12:00:06
Retrieval,402,smg,94134-1-SMG,COMPLETE,Standard,10/27/2025,10/27/2025,7FCVCK3,,United States,885522862775,94134-1-1-SMG,260859,ZONES,1,,2025-11-04 21:58:04,2025-10-30 10:57:15,2025-11-05 11:59:03
Retrieval,402,Found,94246-1-FOUN,PENDING_RETURN,Standard,10/27/2025,10/27/2025,HXJKX31V1WFV,,United States,885522161313,94246-1-1-FOUN,260897,ZONES,1,,,2025-10-30 10:55:17,
Retrieval,402,Slingshot Aerospace,94268-1-SLIN,IN_FULFILLMENT,Standard,10/27/2025,10/27/2025,GKX236M4GC,,United Kingdom,,94268-1-1-SLIN,260906,ZONES,1,,,,
Retrieval,402,Weights and Biases,94091-1-WEIG,COMPLETE,Standard,10/24/2025,10/27/2025,KJF9R463DX,,United States,885522424225,94091-1-1-WEIG,260747,ZONES,1,2025-10-28 20:20:17,2025-11-02 16:22:01,2025-10-31 16:21:51,2025-11-05 12:24:20
Retrieval,402,NP Digital,94142-1-NPDI,PENDING_RETURN,Standard,10/27/2025,10/27/2025,MP29EM0H,,United States,885522659762,94142-1-1-NPDI,260864,ZONES,1,2025-10-28 22:59:19,,2025-10-31 16:00:33,
Retrieval,402,DTEX Systems,94111-1-DTEX,COMPLETE,Standard,10/26/2025,10/27/2025,,,United States,885522694352,94111-1-3-DTEX,,ZONES,2,2025-10-28 20:19:07,2025-11-03 19:21:35,2025-10-31 14:19:43,2025-11-05 12:24:10
Retrieval,402,IZEA,93618-1-IZEA,COMPLETE,Standard,10/23/2025,10/27/2025,,,United States,885522484014,93618-1-1-IZEA,260473,ZONES,1,2025-10-28 20:17:16,2025-11-03 16:19:29,2025-10-29 11:17:43,2025-11-04 12:21:04
Retrieval,402,Posh,94226-1-POSH,PENDING_RETURN,Standard,10/27/2025,10/27/2025,GV2TG2YJ69,,United States,885522370048,94226-1-1-POSH,33146,ZONES,1,2025-10-28 20:16:18,,2025-10-31 13:17:33,
Retrieval,402,Trusted Inc.,94227-1-TRUS,PENDING_RETURN,Standard,10/27/2025,10/27/2025,PRY3QT72TR,,United States,885522242722,94227-1-1-TRUS,48789,ZONES,1,2025-10-28 20:16:15,,2025-11-04 20:23:24,
Retrieval,402,Anchorage Digital,90740-1-ANCH,PENDING_RETURN,Standard,10/03/2025,10/27/2025,,,United States,885522142465,90740-1-1-ANCH,256262,ZONES,1,2025-10-28 20:15:17,,2025-10-31 14:16:34,
Retrieval,402,CaptivateIQ,94183-1-CAPT,COMPLETE,Standard,10/27/2025,10/27/2025,M46RD4MVXQ,,United States,885521989002,94183-1-1-CAPT,260880,ZONES,1,2025-10-28 20:13:18,2025-11-04 02:15:42,2025-11-03 14:16:05,2025-11-07 11:32:59
Retrieval,402,Uberall,94117-1-UBER,IN_RETURN,Standard,10/27/2025,10/27/2025,M59P2N4DR9,,United States,885521872655,94117-1-1-UBER,66922,ZONES,1,2025-10-28 20:12:14,2025-11-04 22:14:20,2025-11-03 18:14:42,
Retrieval,402,Unite Us,94166-1-UNIT,COMPLETE,Standard,10/27/2025,10/27/2025,H90GQV7QXG,,United States,885521765834,94166-1-1-UNIT,12429,ZONES,1,2025-10-28 20:11:16,2025-11-03 19:12:56,2025-10-29 14:11:48,2025-11-04 12:19:41
Retrieval,402,The Trevor Project,92675-1-THET,COMPLETE,Standard,10/16/2025,10/27/2025,C02FT5C7ML7H,,United States,885521656470,92675-1-1-THET,78603,ZONES,1,2025-10-28 20:09:16,2025-11-04 22:12:12,2025-10-30 13:11:37,2025-11-06 12:13:48
Retrieval,402,Nonstop Administration and Insurance Services,93207-1-NONS,COMPLETE,Standard,10/21/2025,10/27/2025,DXN794NHJM,,United States,885521538125,93207-1-1-NONS,107402,ZONES,1,2025-10-29 17:38:14,2025-11-01 19:11:02,2025-10-31 15:39:52,2025-11-04 12:18:10
Retrieval,402,The Trevor Project,93643-1-THET,COMPLETE,Standard,10/23/2025,10/27/2025,C02FT56EML7H,,United States,885521413600,93643-1-1-THET,78743,ZONES,1,2025-10-30 10:53:16,2025-11-05 18:13:42,2025-10-30 14:53:29,2025-11-07 11:19:32
Retrieval,402,Horizon3.ai,94159-1-HORI,COMPLETE,2 Day,10/27/2025,10/27/2025,F7FVVJDWHX,,United States,885521279355,94159-1-1-HORI,91571,ZONES,1,2025-10-30 10:45:30,2025-10-31 19:45:48,2025-10-30 15:45:30,2025-11-03 10:46:46
Retrieval,402,Ironclad,92514-1-IRON,PENDING_RETURN,Standard,10/16/2025,10/27/2025,KQQT9Q7KG7,,United States,885515739923,92514-1-1-IRON,259020,ZONES,1,2025-10-27 22:29:19,,2025-10-30 14:30:33,
Retrieval,402,DFINITY,94128-1-DFIN,IN_RETURN,Standard,10/27/2025,10/27/2025,VGCWMH9F7N,,United States,885515577804,94128-1-1-DFIN,260852,ZONES,1,2025-10-27 22:28:18,2025-11-05 21:30:22,2025-10-31 14:29:52,
Retrieval,402,Horizon3.ai,94155-1-HORI,CANCELED,2 Day,10/27/2025,10/27/2025,GDY4PFXJ9K,,United States,,94155-1-1-HORI,256004,ZONES,1,,,,
Retrieval,402,Quickbase,94109-1-QUIC,PENDING_RETURN,Standard,10/26/2025,10/27/2025,XLH22TMG62,,United States,885515331829,94109-1-1-QUIC,93913,ZONES,1,2025-10-27 19:28:17,,2025-10-30 15:29:36,
Retrieval,402,Enterprise DB,93609-1-ENTE,PENDING_RETURN,Standard,10/23/2025,10/27/2025,15LM3J3,,United States,885514503130,93609-1-1-ENTE,260466,ZONES,1,,,2025-10-29 17:43:18,
Retrieval,402,Salesloft,94098-1-SALE,IN_RETURN,Standard,10/25/2025,10/25/2025,FVFF957KQ6LR,,United States,885514119789,94098-1-1-SALE,54924,ZONES,1,2025-10-27 19:26:16,2025-11-06 00:29:23,2025-10-31 16:28:02,
Retrieval,402,Vercel,93949-1-VERC,COMPLETE,Standard,10/24/2025,10/24/2025,0F364CF23483FB,,United States,885467370566,93949-1-1-VERC,20569,ZONES,1,2025-10-27 19:24:18,2025-10-31 13:25:49,2025-10-29 12:25:05,2025-11-04 12:31:58
Retrieval,402,Unite Us,92976-1-UNIT,COMPLETE,Standard,10/20/2025,10/24/2025,C02FK34VQ05N,,United States,885467286389,92976-1-1-UNIT,27144,ZONES,1,2025-10-27 19:24:17,2025-11-03 18:26:26,2025-10-31 16:25:56,2025-11-07 11:32:49
Retrieval,402,Forbes ADVISOR,93560-1-FORB,COMPLETE,Standard,10/22/2025,10/24/2025,XT76TPWNQP,,United States,885466482820,93560-1-1-FORB,64446,ZONES,1,2025-10-27 19:13:20,2025-10-30 19:12:44,2025-10-29 13:14:30,2025-11-03 12:15:03
Retrieval,402,Forbes ADVISOR,93525-1-FORB,PENDING_RETURN,Standard,10/22/2025,10/24/2025,F6754QNC6F,,United States,885466383592,93525-1-1-FORB,93162,ZONES,1,2025-10-27 19:14:17,,2025-10-29 15:15:20,
Retrieval,402,Collective,93932-1-COLL,COMPLETE,Standard,10/24/2025,10/24/2025,PF48WTDY,,United States,885466071785,93932-1-1-COLL,83391,ZONES,1,2025-10-28 01:22:25,2025-11-01 16:24:24,2025-10-30 16:23:40,2025-11-05 12:29:26
Retrieval,402,Collective,93930-1-COLL,PENDING_RETURN,Standard,10/24/2025,10/24/2025,PF45YAS4,,United States,885465963903,93930-1-1-COLL,83414,ZONES,1,2025-10-27 19:14:18,,2025-10-29 12:15:00,
Retrieval,402,sevenrooms,92964-1-SEVE,COMPLETE,Standard,10/20/2025,10/24/2025,C02FF282Q05D,,United States,885465878487,92964-1-1-SEVE,25476,ZONES,1,2025-10-27 19:14:20,2025-11-03 18:13:43,2025-10-29 18:15:19,2025-11-05 12:17:12
Retrieval,402,Collective,93912-1-COLL,PENDING_RETURN,Standard,10/24/2025,10/24/2025,PF459AVP,,United States,885465775393,93912-1-1-COLL,83364,ZONES,1,2025-10-27 19:12:17,,2025-10-29 14:13:06,
Retrieval,402,Collective,93909-1-COLL,PENDING_RETURN,Standard,10/24/2025,10/24/2025,PF54EB9L,,United States,885465670263,93909-1-1-COLL,83269,ZONES,1,2025-10-27 19:22:17,,2025-10-31 16:24:02,
Retrieval,402,Collective,93907-1-COLL,PENDING_RETURN,Standard,10/24/2025,10/24/2025,PF4TEVHV,,United States,885463731299,93907-1-1-COLL,83398,ZONES,1,2025-10-25 02:12:18,,2025-10-28 14:14:06,
Retrieval,402,Collective,93904-1-COLL,COMPLETE,Standard,10/24/2025,10/24/2025,PF54EFK1,,United States,885463594596,93904-1-1-COLL,83365,ZONES,1,2025-10-25 02:12:14,2025-10-29 17:14:04,2025-10-26 12:12:52,2025-10-30 13:14:33
Retrieval,402,Collective,93900-1-COLL,PENDING_RETURN,Standard,10/24/2025,10/24/2025,PF4VHZSN,,United States,885463327972,93900-1-1-COLL,83258,ZONES,1,2025-10-25 02:10:18,,2025-10-29 19:13:09,
Retrieval,402,The Trevor Project,93737-1-THET,COMPLETE,Standard,10/23/2025,10/24/2025,FVFHK29PQ05N,,United States,885627586816,93737-1-1-THET,78637,ZONES,1,2025-10-31 19:21:18,2025-11-04 18:26:12,2025-11-03 16:22:33,2025-11-05 12:27:10
Retrieval,402,Collective,93897-1-COLL,PENDING_RETURN,Standard,10/24/2025,10/24/2025,PF54EZ8D,,United States,885463104645,93897-1-1-COLL,83358,ZONES,1,2025-10-25 02:10:19,,2025-10-28 12:11:53,
Retrieval,402,Collective,93895-1-COLL,COMPLETE,Standard,10/24/2025,10/24/2025,JM9Y6Y1693,,United States,885462858199,93895-1-1-COLL,83459,ZONES,1,2025-10-27 19:14:21,2025-11-03 18:15:59,2025-10-31 16:16:14,2025-11-07 11:33:25
Retrieval,402,Covu,93891-1-COVU,CANCELED,Standard,10/24/2025,10/24/2025,FD26FC6NHM,,United States,885462688483,93891-1-1-COVU,65138,ZONES,1,2025-10-27 19:14:21,,,
Retrieval,402,Sisense,93730-1-SISE,PENDING_RETURN,Standard,10/23/2025,10/23/2025,C02DR0SXQ05Q,,United States,885439980508,93730-1-1-SISE,253345,ZONES,1,2025-10-25 02:06:17,,2025-10-28 11:08:11,
Retrieval,402,MOTUS,93752-1-MOTU,PENDING_RETURN,Standard,10/23/2025,10/23/2025,3FKMN74,,United States,885440019953,93752-1-1-MOTU,70665,ZONES,1,2025-10-25 02:06:18,,2025-10-28 15:08:09,
Retrieval,402,Forbes ADVISOR,93557-1-FORB,COMPLETE,Standard,10/22/2025,10/23/2025,SG0QJLGW6K4,,United States,885440065860,93557-1-1-FORB,46735,ZONES,1,2025-10-25 02:41:17,2025-10-30 20:43:09,2025-10-28 14:42:53,2025-11-04 11:50:53
Retrieval,402,Collective,93746-1-COLL,PENDING_RETURN,Standard,10/23/2025,10/23/2025,PF4Q7RJE,,United States,885440108856,93746-1-1-COLL,83254,ZONES,1,2025-10-25 02:05:19,,2025-10-27 13:06:11,
Retrieval,402,PayNearMe,93738-1-PAYN,COMPLETE,2 Day,10/23/2025,10/23/2025,KWL4Q7455V,,United States,885440158975,93738-1-1-PAYN,75250,ZONES,1,2025-10-25 02:05:19,2025-10-30 20:06:58,2025-10-27 17:06:40,2025-11-03 10:09:30
Retrieval,402,Kneat,93627-1-KNEA,COMPLETE,Standard,10/23/2025,10/23/2025,6K0VHB4,,United States,885440220941,93627-1-1-KNEA,93233,ZONES,1,2025-10-25 02:04:28,2025-10-30 20:04:56,2025-10-27 12:05:05,2025-11-03 12:07:32
Retrieval,402,Sisense,93732-1-SISE,COMPLETE,Standard,10/23/2025,10/23/2025,PF4496E2,,United States,885440274492,93732-1-1-SISE,260527,ZONES,1,2025-10-25 02:03:17,2025-10-28 17:04:44,2025-10-27 14:04:24,2025-10-31 12:07:47
Retrieval,402,Horizon3.ai,93707-1-HORI,PENDING_RETURN,2 Day,10/23/2025,10/23/2025,9K6CGB4,,United States,885440322031,93707-1-1-HORI,260518,ZONES,1,2025-10-25 02:03:15,,2025-10-28 16:05:03,
Retrieval,402,Valera Health,93252-1-VALE,PENDING_RETURN,Standard,10/21/2025,10/23/2025,NXKMUAA0014440B6C97600,,United States,885440042138,93252-1-1-VALE,101753,ZONES,1,2025-10-25 02:00:24,,2025-10-27 12:01:22,
Retrieval,402,PayNearMe,93722-1-PAYN,PENDING_RETURN,2 Day,10/23/2025,10/23/2025,,,United States,8854 4017 0829,93722-1-3-PAYN,,ZONES,2,2025-10-25 02:01:22,,2025-10-27 19:03:02,
Retrieval,402,The Trevor Project,93647-1-THET,COMPLETE,Standard,10/23/2025,10/23/2025,C02Z13T6LVDL,,United States,885439993780,93647-1-1-THET,78768,ZONES,1,2025-10-25 01:59:13,2025-10-31 23:01:00,2025-10-30 15:02:35,2025-11-06 12:04:54
Retrieval,402,Forbes ADVISOR,93524-1-FORB,COMPLETE,Standard,10/22/2025,10/23/2025,H79QK92FN2,,United States,885439954794,93524-1-1-FORB,80262,ZONES,1,2025-10-25 01:58:16,2025-11-04 04:00:41,2025-10-30 16:00:26,2025-11-07 11:29:53
Retrieval,402,MercuryGate,93719-1-MERC,COMPLETE,Standard,10/23/2025,10/23/2025,,,United States,885439877656,93719-1-5-MERC,,ZONES,3,2025-10-25 01:58:14,2025-10-31 19:58:20,2025-10-28 13:59:39,2025-11-03 11:59:19
Retrieval,402,The Trevor Project,93644-1-THET,PENDING_RETURN,Standard,10/23/2025,10/23/2025,C02F82JRML7L,,United States,885439733735,93644-1-1-THET,9754,ZONES,1,2025-10-25 01:52:20,,2025-10-30 16:54:38,
Retrieval,402,Unite Us,93697-1-UNIT,COMPLETE,Standard,10/23/2025,10/23/2025,CLK95CF610,,United States,885439670690,93697-1-1-UNIT,251610,ZONES,1,2025-10-25 01:52:17,2025-10-31 22:53:03,2025-10-28 13:53:44,2025-11-04 11:54:19
Retrieval,402,Ironclad,93678-1-IRON,PENDING_RETURN,Standard,10/23/2025,10/23/2025,C5P6R6CJG2,,United States,885439612013,93678-1-1-IRON,260491,ZONES,1,2025-10-25 01:51:29,,2025-10-28 13:52:52,
Retrieval,402,Epic Staffing Group,93689-1-EPIC,COMPLETE,Standard,10/23/2025,10/23/2025,2J3LKY3,,United States,885439374219,93689-1-1-EPIC,260504,ZONES,1,2025-10-25 01:50:20,2025-10-29 19:51:45,2025-10-28 18:52:06,2025-11-03 11:53:30
Retrieval,402,Valiantys,93687-1-VALI,COMPLETE,Standard,10/23/2025,10/23/2025,PF494ZXH,,United States,885438860404,93687-1-1-VALI,51846,ZONES,1,2025-10-25 01:49:16,2025-10-29 19:50:42,2025-10-27 12:50:19,2025-10-30 12:50:56
Retrieval,402,Forbes ADVISOR,93548-1-FORB,COMPLETE,Standard,10/22/2025,10/23/2025,KCWXL2KGPC,,United States,885438442952,93548-1-1-FORB,42108,ZONES,1,2025-10-25 01:49:15,2025-10-30 19:51:18,2025-10-27 10:50:06,2025-11-03 11:52:44
Retrieval,402,DietitianLive.com,92345-1-DIET,PENDING_RETURN,Standard,10/15/2025,10/23/2025,HRTHR0NQQ6L4,,United States,885437786541,92345-1-1-DIET,40136,ZONES,1,2025-10-25 01:47:16,,2025-10-26 13:48:19,
Retrieval,402,MOTUS,93683-1-MOTU,PENDING_RETURN,Standard,10/23/2025,10/23/2025,PF2KHDCX,,United States,885437651018,93683-1-1-MOTU,260492,ZONES,1,2025-10-25 01:45:17,,2025-10-27 13:46:17,
Retrieval,402,Posh,93668-1-POSH,COMPLETE,Standard,10/23/2025,10/23/2025,,,United States,885437520016,93668-1-1-POSH,260489,ZONES,1,2025-10-25 01:39:17,2025-10-29 22:41:06,2025-10-28 16:40:54,2025-11-04 12:44:34
Retrieval,402,The Trevor Project,93639-1-THET,IN_RETURN,Standard,10/23/2025,10/23/2025,C02C95Y7LVDL,,United States,885437343504,93639-1-1-THET,78695,ZONES,1,2025-10-25 01:39:18,2025-11-07 12:45:43,2025-10-28 11:40:45,
Retrieval,402,Syniti,93371-1-SYNI,COMPLETE,2 Day,10/22/2025,10/23/2025,,,United States,885426211255,93371-1-1-SYNI,259818,ZONES,1,2025-10-25 01:37:15,2025-11-07 00:40:03,2025-10-28 12:38:49,2025-11-07 10:42:03
Retrieval,402,Socure,93536-1-SOCU,PENDING_RETURN,Standard,10/22/2025,10/23/2025,HH3W37H9PF,,United States,885437954861,93536-1-1-SOCU,260246,ZONES,1,2025-10-25 01:35:16,,2025-10-28 14:36:44,
Retrieval,402,Salesloft,93419-1-SALE,COMPLETE,Standard,10/22/2025,10/23/2025,RT2144FQFT,,United States,885438158493,93419-1-1-SALE,55056,ZONES,1,2025-10-25 22:33:36,2025-10-29 19:35:09,2025-10-28 12:35:07,2025-10-31 11:35:48
Retrieval,402,Forbes ADVISOR,93530-1-FORB,COMPLETE,Standard,10/22/2025,10/22/2025,GXWM5FWD40,,United States,885407834338,93530-1-1-FORB,75011,ZONES,1,2025-10-25 01:33:17,2025-10-31 19:35:30,2025-10-28 14:35:00,2025-11-03 12:36:30
Retrieval,402,Forbes ADVISOR,93534-1-FORB,COMPLETE,Standard,10/22/2025,10/22/2025,KQQJ61VM4J,,United States,885407791077,93534-1-1-FORB,39673,ZONES,1,2025-10-25 01:31:23,2025-10-30 19:33:15,2025-10-28 16:33:59,2025-11-05 12:36:26
Retrieval,402,Forbes ADVISOR,93558-1-FORB,COMPLETE,Standard,10/22/2025,10/22/2025,JPVH36WGHL,,United States,885407727491,93558-1-1-FORB,97860,ZONES,1,2025-10-25 01:29:16,2025-10-29 13:30:53,2025-10-28 16:30:52,2025-11-03 12:34:51
Retrieval,402,InterWell Health,93561-1-INTE,COMPLETE,Standard,10/22/2025,10/22/2025,,,United States,885407638923,93561-1-1-INTE,260392,ZONES,1,2025-10-25 02:51:22,2025-11-03 13:52:56,2025-10-28 11:52:34,2025-11-05 11:54:32
Retrieval,402,Forbes ADVISOR,93556-1-FORB,COMPLETE,Standard,10/22/2025,10/22/2025,0F344GG24153FB,,United States,885407575785,93556-1-1-FORB,64702,ZONES,1,2025-10-25 02:48:25,2025-10-29 20:48:44,2025-10-26 12:49:04,2025-10-31 11:49:33
Retrieval,402,Forbes ADVISOR,93552-1-FORB,COMPLETE,Standard,10/22/2025,10/22/2025,JM2LKH6Y06,,United States,885407487319,93552-1-1-FORB,64462,ZONES,1,2025-10-25 02:47:23,2025-11-04 08:04:37,2025-10-28 14:48:42,2025-11-07 11:18:17
Retrieval,402,Forbes ADVISOR,93565-1-FORB,IN_FULFILLMENT,Standard,10/22/2025,10/22/2025,PF55D1Y7,,Canada,,93565-1-1-FORB,43410,ZONES,1,,,,
Retrieval,402,Forbes ADVISOR,93539-1-FORB,COMPLETE,Standard,10/22/2025,10/22/2025,KJQDNFH7FW,,United States,885407408101,93539-1-1-FORB,70324,ZONES,1,2025-10-25 02:47:20,2025-10-30 20:49:21,2025-10-29 16:49:23,2025-11-03 11:50:46
Retrieval,402,Horizon3.ai,93559-1-HORI,PENDING_RETURN,2 Day,10/22/2025,10/22/2025,,,United States,885407000154,93559-1-3-HORI,,ZONES,2,2025-10-24 20:41:16,,2025-10-27 16:42:31,
Retrieval,402,Unite Us,93532-1-UNIT,PENDING_RETURN,Standard,10/22/2025,10/22/2025,FVFGF2F4Q05N,,United States,885407185097,93532-1-1-UNIT,5599,ZONES,1,2025-10-25 01:25:17,,2025-10-28 11:26:29,
Retrieval,402,MOTUS,93554-1-MOTU,PENDING_RETURN,Standard,10/22/2025,10/22/2025,PF3WMA69,,United States,885406861770,93554-1-1-MOTU,70998,ZONES,1,2025-10-25 02:43:34,,2025-10-30 15:46:38,
Retrieval,402,Forbes ADVISOR,93551-1-FORB,COMPLETE,Standard,10/22/2025,10/22/2025,FQQGVYCGYJ,,United States,885406770543,93551-1-1-FORB,47373,ZONES,1,2025-10-25 02:35:21,2025-10-29 20:36:56,2025-10-28 16:37:20,2025-11-04 12:42:20
Retrieval,402,Forbes ADVISOR,93516-1-FORB,COMPLETE,Standard,10/22/2025,10/22/2025,K7J61K4LV1,,United States,885406675391,93516-1-1-FORB,64397,ZONES,1,2025-10-25 02:27:20,2025-10-28 17:28:37,2025-10-27 15:28:37,2025-10-30 13:29:34
Retrieval,402,Forbes ADVISOR,93545-1-FORB,COMPLETE,Standard,10/22/2025,10/22/2025,PF5269FD,,United States,885406552413,93545-1-1-FORB,41356,ZONES,1,2025-10-25 02:27:24,2025-10-28 20:29:04,2025-10-27 14:28:25,2025-10-30 13:29:54
Retrieval,402,InterWell Health,93045-1-INTE,IN_RETURN,Standard,10/20/2025,10/22/2025,,,United States,885406334154,93045-1-1-INTE,259500,ZONES,1,2025-10-24 13:39:25,2025-11-09 09:46:13,2025-10-28 15:41:22,
Retrieval,402,Comagine Health,93510-1-COMA,IN_RETURN,Standard,10/22/2025,10/22/2025,5CD2512MCH,,United States,885405815237,93510-1-1-COMA,260235,ZONES,1,2025-10-24 14:23:07,2025-11-07 13:41:03,2025-10-28 11:41:56,
Retrieval,402,MOTUS,93537-1-MOTU,COMPLETE,Standard,10/22/2025,10/22/2025,C02G6023MD6V,,United States,885405479042,93537-1-1-MOTU,106889,ZONES,1,2025-10-24 13:40:26,2025-11-06 09:43:49,2025-10-27 20:41:59,2025-11-07 11:47:08